Keyword,Intent,Relevance,Related %,Volume,Trend,Pot. Traffic,PKD %,KD %,CPC (USD),Com.,SF,Results,Updated
qr code generator,Commercial,n/a,0,1.2M,,n/a,n/a,100,1.68,0.60,Go to a snapshot of the SERP for qr code generator,136,1 month
qr code scanner,Informational,n/a,0,165.0K,,n/a,n/a,86,0.76,0.35,Go to a snapshot of the SERP for qr code scanner,205,1 month
free qr code generator,Commercial,n/a,0,135.0K,,n/a,n/a,100,2.07,0.74,Go to a snapshot of the SERP for free qr code generator,125,1 month
how to create a qr code,Informational,n/a,0,135.0K,,n/a,n/a,88,2.61,0.69,Go to a snapshot of the SERP for how to create a qr code,166,1 month
qr code,Informational,n/a,0,135.0K,,n/a,n/a,100,1.24,0.35,Go to a snapshot of the SERP for qr code,127,1 month
scan,Navigational,n/a,0,74.0K,,n/a,n/a,73,1.07,0.31,Go to a snapshot of the SERP for scan,138,1 month
qr code generator free,Commercial,n/a,0,60.5K,,n/a,n/a,95,2.02,0.73,Go to a snapshot of the SERP for qr code generator free,124,1 month
qrcode generator,Informational | Commercial,n/a,0,60.5K,,n/a,n/a,98,1.68,0.60,Go to a snapshot of the SERP for qrcode generator,20,1 month
scanner,Commercial,n/a,0,60.5K,,n/a,n/a,92,1.14,0.50,Go to a snapshot of the SERP for scanner,242,1 month
canva qr code generator,Informational,n/a,0,49.5K,,n/a,n/a,27,2.23,0.04,Go to a snapshot of the SERP for canva qr code generator,554K,1 month
how to scan a qr code,Informational,n/a,0,49.5K,,n/a,n/a,75,0.53,0.55,Go to a snapshot of the SERP for how to scan a qr code,176,1 month
qr code maker,Commercial,n/a,0,49.5K,,n/a,n/a,91,1.31,0.59,Go to a snapshot of the SERP for qr code maker,130,1 month
qr code of wechat,Informational,n/a,0,49.5K,,n/a,n/a,24,0.00,0.33,Go to a snapshot of the SERP for qr code of wechat,52.1K,1 month
create qr code,Informational | Commercial,n/a,0,40.5K,,n/a,n/a,98,2.16,0.73,Go to a snapshot of the SERP for create qr code,129,1 month
kod qr scan,Informational,n/a,0,40.5K,,n/a,n/a,83,0.76,0.35,Go to a snapshot of the SERP for kod qr scan,139,1 month
qr code writer free,Informational,n/a,0,40.5K,,n/a,n/a,93,2.07,0.74,Go to a snapshot of the SERP for qr code writer free,156,1 month
adobe qr code generator,Navigational,n/a,0,33.1K,,n/a,n/a,42,2.02,0.03,Go to a snapshot of the SERP for adobe qr code generator,n/a,1 month
flowxd,Informational,n/a,0,33.1K,,n/a,n/a,12,5.77,0.09,Go to a snapshot of the SERP for flowxd,107,1 month
generating qr,Informational | Commercial,n/a,0,33.1K,,n/a,n/a,100,1.68,0.60,Go to a snapshot of the SERP for generating qr,127,1 month
jynx qr code ultra moon,Informational,n/a,0,33.1K,,n/a,n/a,31,0.00,0.33,Go to a snapshot of the SERP for jynx qr code ultra moon,99,1 month
qr,Informational,n/a,0,33.1K,,n/a,n/a,100,0.90,0.30,Go to a snapshot of the SERP for qr,127,1 month
qr code generator qr code generator qr code generator,Informational,n/a,0,33.1K,,n/a,n/a,93,1.68,0.60,Go to a snapshot of the SERP for qr code generator qr code generator qr code generator,33,1 month
qr code monkey,Informational,n/a,0,33.1K,,n/a,n/a,30,0.80,0.35,Go to a snapshot of the SERP for qr code monkey,93,1 month
quick response code qr code,Informational,n/a,0,33.1K,,n/a,n/a,91,1.24,0.35,Go to a snapshot of the SERP for quick response code qr code,131,1 month
scan qr code,Informational,n/a,0,33.1K,,n/a,n/a,83,0.80,0.41,Go to a snapshot of the SERP for scan qr code,54,1 month
create a qr code,Informational | Commercial,n/a,0,27.1K,,n/a,n/a,93,2.80,0.74,Go to a snapshot of the SERP for create a qr code,126,1 month
create qr code free,Informational,n/a,0,27.1K,,n/a,n/a,100,2.02,0.73,Go to a snapshot of the SERP for create qr code free,126,1 month
how to make a qr code,Informational,n/a,0,27.1K,,n/a,n/a,86,2.40,0.64,Go to a snapshot of the SERP for how to make a qr code,179,1 month
htc qr code,Informational,n/a,0,27.1K,,n/a,n/a,22,0.00,0.33,Go to a snapshot of the SERP for htc qr code,113,1 month
qr code reader,Informational | Commercial,n/a,0,27.1K,,n/a,n/a,79,0.80,0.27,Go to a snapshot of the SERP for qr code reader,135,1 month
qr code scanner online free,Informational,n/a,0,27.1K,,n/a,n/a,76,0.73,0.04,Go to a snapshot of the SERP for qr code scanner online free,114,1 month
qr generator,Commercial,n/a,0,27.1K,,n/a,n/a,93,1.44,0.64,Go to a snapshot of the SERP for qr generator,135,1 month
qr scanner,Informational | Commercial,n/a,0,27.1K,,n/a,n/a,76,0.71,0.35,Go to a snapshot of the SERP for qr scanner,137,1 month
qr tag maker,Informational,n/a,0,27.1K,,n/a,n/a,93,1.68,0.60,Go to a snapshot of the SERP for qr tag maker,197,1 month
scanner scanner scanner,Informational,n/a,0,27.1K,,n/a,n/a,73,1.14,0.50,Go to a snapshot of the SERP for scanner scanner scanner,200,1 month
app qr code scannen,Informational,n/a,0,22.2K,,n/a,n/a,51,1.10,0.13,Go to a snapshot of the SERP for app qr code scannen,44,1 month
make a qr code,Informational,n/a,0,22.2K,,n/a,n/a,94,2.30,0.71,Go to a snapshot of the SERP for make a qr code,37,1 month
qr barcode maker online,Informational,n/a,0,22.2K,,n/a,n/a,58,1.40,0.14,Go to a snapshot of the SERP for qr barcode maker online,134,1 month
qr code blurred,Informational,n/a,0,22.2K,,n/a,n/a,12,0.00,0.33,Go to a snapshot of the SERP for qr code blurred,94,1 month
qr code creator,Commercial,n/a,0,22.2K,,n/a,n/a,98,1.66,0.68,Go to a snapshot of the SERP for qr code creator,130,1 month
qr code generator with customization,Informational,n/a,0,22.2K,,n/a,n/a,90,0.00,0.12,Go to a snapshot of the SERP for qr code generator with customization,147,1 month
qr code in wechat,Informational,n/a,0,22.2K,,n/a,n/a,25,0.00,0.33,Go to a snapshot of the SERP for qr code in wechat,104,1 month
qr code on wechat,Informational,n/a,0,22.2K,,n/a,n/a,25,0.00,0.33,Go to a snapshot of the SERP for qr code on wechat,102,1 month
qr monkey,Navigational,n/a,0,22.2K,,n/a,n/a,86,0.41,0.27,Go to a snapshot of the SERP for qr monkey,n/a,1 month
qrcode,Informational,n/a,0,22.2K,,n/a,n/a,100,1.24,0.35,Go to a snapshot of the SERP for qrcode,129,1 month
scan code application,Informational,n/a,0,22.2K,,n/a,n/a,82,1.10,0.13,Go to a snapshot of the SERP for scan code application,137,1 month
scanner qr code application,Informational,n/a,0,22.2K,,n/a,n/a,63,1.10,0.13,Go to a snapshot of the SERP for scanner qr code application,137,1 month
gen qr code online,Informational | Commercial,n/a,0,18.1K,,n/a,n/a,89,1.40,0.14,Go to a snapshot of the SERP for gen qr code online,131,1 month
how to make qr barcode,Informational,n/a,0,18.1K,,n/a,n/a,94,2.40,0.64,Go to a snapshot of the SERP for how to make qr barcode,179,1 month
how to scan qr code on android,Informational,n/a,0,18.1K,,n/a,n/a,43,0.73,0.45,Go to a snapshot of the SERP for how to scan qr code on android,123,1 month
qr code printen,Informational,n/a,0,18.1K,,n/a,n/a,14,2.05,0.04,Go to a snapshot of the SERP for qr code printen,122,1 month
qr qr qr,Informational,n/a,0,18.1K,,n/a,n/a,92,0.90,0.30,Go to a snapshot of the SERP for qr qr qr,132,1 month
read qr barcode,Informational | Commercial,n/a,0,18.1K,,n/a,n/a,72,0.80,0.27,Go to a snapshot of the SERP for read qr barcode,130,1 month
dtu qr code,Informational,n/a,0,14.8K,,n/a,n/a,14,0.00,0.33,Go to a snapshot of the SERP for dtu qr code,2.3M,1 month
free qr code,Informational | Commercial,n/a,0,14.8K,,n/a,n/a,97,2.09,0.77,Go to a snapshot of the SERP for free qr code,121,1 month
generate qr code,Commercial,n/a,0,14.8K,,n/a,n/a,95,1.89,0.70,Go to a snapshot of the SERP for generate qr code,132,1 month
how to scan qr code,Informational,n/a,0,14.8K,,n/a,n/a,63,0.55,0.53,Go to a snapshot of the SERP for how to scan qr code,162,1 month
qr code generator adobe,Transactional | Navigational,n/a,0,14.8K,,n/a,n/a,44,2.02,0.03,Go to a snapshot of the SERP for qr code generator adobe,103,1 month
qr codes,Informational | Commercial,n/a,0,14.8K,,n/a,n/a,100,1.24,0.35,Go to a snapshot of the SERP for qr codes,125,1 month
qrcode monkey,Navigational,n/a,0,14.8K,,n/a,n/a,61,0.85,0.40,Go to a snapshot of the SERP for qrcode monkey,139,1 month
codice qr scanner,Informational,n/a,0,12.1K,,n/a,n/a,81,0.76,0.35,Go to a snapshot of the SERP for codice qr scanner,139,1 month
free qr code maker,Commercial,n/a,0,12.1K,,n/a,n/a,95,2.02,0.73,Go to a snapshot of the SERP for free qr code maker,127,1 month
how do you scan a qr code,Informational,n/a,0,12.1K,,n/a,n/a,49,0.52,0.55,Go to a snapshot of the SERP for how do you scan a qr code,19,1 month
how to generate a qr code,Informational,n/a,0,12.1K,,n/a,n/a,100,2.53,0.67,Go to a snapshot of the SERP for how to generate a qr code,114,1 month
link to qr code,Informational,n/a,0,12.1K,,n/a,n/a,96,0.81,0.59,Go to a snapshot of the SERP for link to qr code,122,1 month
make qr code,Informational,n/a,0,12.1K,,n/a,n/a,92,1.66,0.70,Go to a snapshot of the SERP for make qr code,128,1 month
qr code rick roll patch,Informational,n/a,0,12.1K,,n/a,n/a,25,0.00,0.33,Go to a snapshot of the SERP for qr code rick roll patch,109,1 month
rick astley qr code patch,Informational,n/a,0,12.1K,,n/a,n/a,28,0.00,0.33,Go to a snapshot of the SERP for rick astley qr code patch,102,1 month
adobe express qr code generator,Informational | Navigational,n/a,0,9.9K,,n/a,n/a,43,2.09,0.33,Go to a snapshot of the SERP for adobe express qr code generator,107,1 month
app qr code reader,Informational,n/a,0,9.9K,,n/a,n/a,70,1.10,0.13,Go to a snapshot of the SERP for app qr code reader,165,1 month
flowcode,Navigational,n/a,0,9.9K,,n/a,n/a,55,1.46,0.43,Go to a snapshot of the SERP for flowcode,105,1 month
freeware qr code,n/a,n/a,0,9.9K,,n/a,n/a,n/a,2.12,0.76,n/a,n/a,Refresh
goqr me qr code generator,Navigational,n/a,0,9.9K,,n/a,n/a,17,3.50,0.33,Go to a snapshot of the SERP for goqr me qr code generator,n/a,1 month
how do i scan a qr code,Informational,n/a,0,9.9K,,n/a,n/a,69,0.74,0.59,Go to a snapshot of the SERP for how do i scan a qr code,160,1 month
how to scan qr code on iphone,Informational,n/a,0,9.9K,,n/a,n/a,49,0.60,0.39,Go to a snapshot of the SERP for how to scan qr code on iphone,20,1 month
qr code generator free online,Informational,n/a,0,9.9K,,n/a,n/a,93,1.56,0.12,Go to a snapshot of the SERP for qr code generator free online,129,1 month
qr code jacket patch,Informational | Commercial,n/a,0,9.9K,,n/a,n/a,11,0.00,0.33,Go to a snapshot of the SERP for qr code jacket patch,193,1 month
qr code scanner app,Informational,n/a,0,9.9K,,n/a,n/a,64,1.10,0.13,Go to a snapshot of the SERP for qr code scanner app,160,1 month
qrcode monkey qr code generator,Informational,n/a,0,9.9K,,n/a,n/a,79,0.94,0.33,Go to a snapshot of the SERP for qrcode monkey qr code generator,131,1 month
build qr,Informational | Commercial,n/a,0,8.1K,,n/a,n/a,83,2.16,0.73,Go to a snapshot of the SERP for build qr,20,1 month
clash royale qr codes,Informational,n/a,0,8.1K,,n/a,n/a,42,0.00,0.33,Go to a snapshot of the SERP for clash royale qr codes,98,1 month
create a qr code free,Informational,n/a,0,8.1K,,n/a,n/a,95,2.02,0.73,Go to a snapshot of the SERP for create a qr code free,169,1 month
create free qr code,Commercial,n/a,0,8.1K,,n/a,n/a,95,2.02,0.73,Go to a snapshot of the SERP for create free qr code,126,1 month
creator qr,Informational,n/a,0,8.1K,,n/a,n/a,89,1.44,0.64,Go to a snapshot of the SERP for creator qr,136,1 month
google qr code generator,Informational,n/a,0,8.1K,,n/a,n/a,92,1.67,0.57,Go to a snapshot of the SERP for google qr code generator,104,1 month
how to make a qr code for a link,Informational,n/a,0,8.1K,,n/a,n/a,94,3.11,0.71,Go to a snapshot of the SERP for how to make a qr code for a link,94,1 month
make qr code free,Commercial,n/a,0,8.1K,,n/a,n/a,96,2.02,0.73,Go to a snapshot of the SERP for make qr code free,128,1 month
qr code bible verse,Informational,n/a,0,8.1K,,n/a,n/a,9,1.43,0.33,Go to a snapshot of the SERP for qr code bible verse,121,1 month
qr code reader online,Informational,n/a,0,8.1K,,n/a,n/a,77,0.66,0.07,Go to a snapshot of the SERP for qr code reader online,120,1 month
qr codes in print,Informational,n/a,0,8.1K,,n/a,n/a,12,2.05,0.04,Go to a snapshot of the SERP for qr codes in print,129,1 month
qr reader,Informational | Commercial,n/a,0,8.1K,,n/a,n/a,83,0.80,0.36,Go to a snapshot of the SERP for qr reader,136,1 month
qr reader online,Commercial,n/a,0,8.1K,,n/a,n/a,82,0.66,0.07,Go to a snapshot of the SERP for qr reader online,111,1 month
scanner qr code,Informational,n/a,0,8.1K,,n/a,n/a,84,0.80,0.41,Go to a snapshot of the SERP for scanner qr code,205,1 month
what does qr stand for,Informational,n/a,0,8.1K,,n/a,n/a,22,0.13,0.04,Go to a snapshot of the SERP for what does qr stand for,152,1 month
barcode scanner scan,Informational | Commercial,n/a,0,6.6K,,n/a,n/a,68,0.96,0.53,Go to a snapshot of the SERP for barcode scanner scan,202,1 month
clipclaps qr code,Informational,n/a,0,6.6K,,n/a,n/a,28,0.00,0.33,Go to a snapshot of the SERP for clipclaps qr code,446K,1 month
gen qr code free,Commercial,n/a,0,6.6K,,n/a,n/a,90,2.02,0.73,Go to a snapshot of the SERP for gen qr code free,128,1 month
how do i create a qr code,Informational,n/a,0,6.6K,,n/a,n/a,64,2.40,0.64,Go to a snapshot of the SERP for how do i create a qr code,164,1 month
how do you scan a qr code on your phone,Informational,n/a,0,6.6K,,n/a,n/a,40,0.71,0.39,Go to a snapshot of the SERP for how do you scan a qr code on your phone,144,1 month
how to scan a qr code on your phone,Informational,n/a,0,6.6K,,n/a,n/a,41,0.71,0.39,Go to a snapshot of the SERP for how to scan a qr code on your phone,130,1 month
link to qr,Commercial,n/a,0,6.6K,,n/a,n/a,96,0.81,0.59,Go to a snapshot of the SERP for link to qr,120,1 month
make a qr code free,Informational,n/a,0,6.6K,,n/a,n/a,95,2.02,0.73,Go to a snapshot of the SERP for make a qr code free,47,1 month
monster hunter stories finding charm qr code,Informational,n/a,0,6.6K,,n/a,n/a,17,0.00,0.33,Go to a snapshot of the SERP for monster hunter stories finding charm qr code,262K,1 month
online qr code generator,Commercial,n/a,0,6.6K,,n/a,n/a,90,1.40,0.14,Go to a snapshot of the SERP for online qr code generator,20,1 month
online qr generator,Informational,n/a,0,6.6K,,n/a,n/a,68,1.40,0.14,Go to a snapshot of the SERP for online qr generator,134,1 month
qr code generator online,Informational,n/a,0,6.6K,,n/a,n/a,90,1.40,0.14,Go to a snapshot of the SERP for qr code generator online,20,1 month
qr code reader app,Informational,n/a,0,6.6K,,n/a,n/a,65,1.10,0.13,Go to a snapshot of the SERP for qr code reader app,166,1 month
qr code scan,Informational | Commercial,n/a,0,6.6K,,n/a,n/a,81,0.76,0.35,Go to a snapshot of the SERP for qr code scan,133,1 month
qr code scanner from image,Informational,n/a,0,6.6K,,n/a,n/a,39,0.53,0.12,Go to a snapshot of the SERP for qr code scanner from image,157,1 month
qr code scanner online,Informational,n/a,0,6.6K,,n/a,n/a,79,0.66,0.07,Go to a snapshot of the SERP for qr code scanner online,127,1 month
qr codes for pokemon super mystery dungeon,Informational,n/a,0,6.6K,,n/a,n/a,16,0.00,0.33,Go to a snapshot of the SERP for qr codes for pokemon super mystery dungeon,115,1 month
qr reader codes,Informational,n/a,0,6.6K,,n/a,n/a,82,0.76,0.35,Go to a snapshot of the SERP for qr reader codes,134,1 month
qrfy,Navigational,n/a,0,6.6K,,n/a,n/a,49,1.62,0.25,Go to a snapshot of the SERP for qrfy,n/a,1 month
qrmonkey,Navigational,n/a,0,6.6K,,n/a,n/a,68,0.41,0.27,Go to a snapshot of the SERP for qrmonkey,n/a,1 month
quer cold,Informational,n/a,0,6.6K,,n/a,n/a,67,0.00,0.33,Go to a snapshot of the SERP for quer cold,35.2M,1 month
scan barcode,Commercial,n/a,0,6.6K,,n/a,n/a,57,0.96,0.53,Go to a snapshot of the SERP for scan barcode,213,1 month
what does qr code stand for,Informational,n/a,0,6.6K,,n/a,n/a,40,0.13,0.04,Go to a snapshot of the SERP for what does qr code stand for,18,1 month
adobe qr,Navigational,n/a,0,5.4K,,n/a,n/a,46,1.97,0.03,Go to a snapshot of the SERP for adobe qr,n/a,1 month
adobe qr code,Navigational,n/a,0,5.4K,,n/a,n/a,43,1.97,0.03,Go to a snapshot of the SERP for adobe qr code,n/a,1 month
code scanner,Informational,n/a,0,5.4K,,n/a,n/a,73,0.93,0.71,Go to a snapshot of the SERP for code scanner,128,1 month
create a free qr code,Informational,n/a,0,5.4K,,n/a,n/a,99,2.02,0.73,Go to a snapshot of the SERP for create a free qr code,20,1 month
custom qr code generator,Informational,n/a,0,5.4K,,n/a,n/a,85,3.46,0.11,Go to a snapshot of the SERP for custom qr code generator,123,1 month
free qr codes,Informational,n/a,0,5.4K,,n/a,n/a,96,2.09,0.77,Go to a snapshot of the SERP for free qr codes,20,1 month
google chrome qr code generator,Informational,n/a,0,5.4K,,n/a,n/a,48,1.61,0.08,Go to a snapshot of the SERP for google chrome qr code generator,134,1 month
how do i make a qr code,Informational,n/a,0,5.4K,,n/a,n/a,68,2.40,0.64,Go to a snapshot of the SERP for how do i make a qr code,187,1 month
how do you make a qr code,Informational,n/a,0,5.4K,,n/a,n/a,89,2.40,0.64,Go to a snapshot of the SERP for how do you make a qr code,191,1 month
how to get a qr code,Informational,n/a,0,5.4K,,n/a,n/a,84,2.53,0.67,Go to a snapshot of the SERP for how to get a qr code,182,1 month
how to scan a qr code on iphone,Informational,n/a,0,5.4K,,n/a,n/a,35,0.51,0.39,Go to a snapshot of the SERP for how to scan a qr code on iphone,120,1 month
qr code adobe,Navigational,n/a,0,5.4K,,n/a,n/a,45,1.97,0.03,Go to a snapshot of the SERP for qr code adobe,n/a,1 month
qr code business card,Informational,n/a,0,5.4K,,n/a,n/a,41,3.34,1.00,Go to a snapshot of the SERP for qr code business card,n/a,1 month
qr code clash royale,Informational,n/a,0,5.4K,,n/a,n/a,34,0.00,0.33,Go to a snapshot of the SERP for qr code clash royale,99,1 month
qr code generator canva,Navigational,n/a,0,5.4K,,n/a,n/a,38,2.19,0.39,Go to a snapshot of the SERP for qr code generator canva,n/a,1 month
qr code generator sites,Informational,n/a,0,5.4K,,n/a,n/a,97,3.89,0.35,Go to a snapshot of the SERP for qr code generator sites,125,1 month
qr code reader qr code reader,Informational,n/a,0,5.4K,,n/a,n/a,82,0.80,0.27,Go to a snapshot of the SERP for qr code reader qr code reader,138,1 month
qr code vert,Informational,n/a,0,5.4K,,n/a,n/a,65,0.00,0.33,Go to a snapshot of the SERP for qr code vert,135,1 month
qr detection,Informational,n/a,0,5.4K,,n/a,n/a,72,0.60,0.33,Go to a snapshot of the SERP for qr detection,130,1 month
quick response code generator,Informational,n/a,0,5.4K,,n/a,n/a,92,1.68,0.60,Go to a snapshot of the SERP for quick response code generator,129,1 month
what is a qr code,Informational,n/a,0,5.4K,,n/a,n/a,56,0.19,0.18,Go to a snapshot of the SERP for what is a qr code,187,1 month
yo kai watch light blue coin qr codes,Informational,n/a,0,5.4K,,n/a,n/a,24,0.00,0.33,Go to a snapshot of the SERP for yo kai watch light blue coin qr codes,169,1 month
aurora qr code,Informational,n/a,0,4.4K,,n/a,n/a,9,0.00,0.33,Go to a snapshot of the SERP for aurora qr code,39,1 month
brawl stars qr codes,Informational,n/a,0,4.4K,,n/a,n/a,23,0.01,0.33,Go to a snapshot of the SERP for brawl stars qr codes,102,1 month
canva qr code,Informational,n/a,0,4.4K,,n/a,n/a,43,2.09,0.14,Go to a snapshot of the SERP for canva qr code,n/a,1 month
code generator,Informational,n/a,0,4.4K,,n/a,n/a,72,3.82,0.38,Go to a snapshot of the SERP for code generator,136,1 month
free online qr code generator,Informational,n/a,0,4.4K,,n/a,n/a,92,1.56,0.12,Go to a snapshot of the SERP for free online qr code generator,158,1 month
free qr code generator no sign up,Transactional,n/a,0,4.4K,,n/a,n/a,87,1.45,0.74,Go to a snapshot of the SERP for free qr code generator no sign up,19,1 month
free qr code scanner,Informational,n/a,0,4.4K,,n/a,n/a,80,0.92,0.54,Go to a snapshot of the SERP for free qr code scanner,133,1 month
get qr code,Transactional,n/a,0,4.4K,,n/a,n/a,76,2.16,0.73,Go to a snapshot of the SERP for get qr code,126,1 month
google lens qr code scanner app,Informational,n/a,0,4.4K,,n/a,n/a,72,0.87,0.33,Go to a snapshot of the SERP for google lens qr code scanner app,110,1 month
homebrew cia qr code,Informational,n/a,0,4.4K,,n/a,n/a,33,0.00,0.33,Go to a snapshot of the SERP for homebrew cia qr code,103,1 month
how do i scan,Informational,n/a,0,4.4K,,n/a,n/a,50,0.65,0.37,Go to a snapshot of the SERP for how do i scan,107,1 month
how do i scan a qr code with my phone,Informational,n/a,0,4.4K,,n/a,n/a,42,0.91,0.51,Go to a snapshot of the SERP for how do i scan a qr code with my phone,1.1M,1 month
how to create a qr code for a link,Informational,n/a,0,4.4K,,n/a,n/a,94,3.37,0.74,Go to a snapshot of the SERP for how to create a qr code for a link,157,1 month
how to make qr code,Informational,n/a,0,4.4K,,n/a,n/a,98,2.11,0.63,Go to a snapshot of the SERP for how to make qr code,193,1 month
how to scan the qr,Informational,n/a,0,4.4K,,n/a,n/a,75,0.55,0.53,Go to a snapshot of the SERP for how to scan the qr,176,1 month
make a qr free,Informational,n/a,0,4.4K,,n/a,n/a,96,2.02,0.73,Go to a snapshot of the SERP for make a qr free,20,1 month
make qr code from url,Informational | Commercial,n/a,0,4.4K,,n/a,n/a,86,2.70,0.73,Go to a snapshot of the SERP for make qr code from url,161,1 month
make qr code generator,Informational,n/a,0,4.4K,,n/a,n/a,98,1.89,0.70,Go to a snapshot of the SERP for make qr code generator,131,1 month
me qr qr code generator,Informational | Navigational,n/a,0,4.4K,,n/a,n/a,97,1.13,0.01,Go to a snapshot of the SERP for me qr qr code generator,113,1 month
online qr code scanner,Informational | Commercial,n/a,0,4.4K,,n/a,n/a,77,0.33,0.03,Go to a snapshot of the SERP for online qr code scanner,108,1 month
qr code builder,Commercial,n/a,0,4.4K,,n/a,n/a,83,1.68,0.60,Go to a snapshot of the SERP for qr code builder,131,1 month
qr code create online,Commercial,n/a,0,4.4K,,n/a,n/a,93,1.40,0.14,Go to a snapshot of the SERP for qr code create online,133,1 month
qr code creator free,Commercial,n/a,0,4.4K,,n/a,n/a,94,2.02,0.73,Go to a snapshot of the SERP for qr code creator free,20,1 month
qr code detector,Informational,n/a,0,4.4K,,n/a,n/a,73,0.60,0.33,Go to a snapshot of the SERP for qr code detector,130,1 month
qr code example,Informational,n/a,0,4.4K,,n/a,n/a,63,1.13,0.30,Go to a snapshot of the SERP for qr code example,123,1 month
qr code maker free,Informational,n/a,0,4.4K,,n/a,n/a,92,1.55,0.70,Go to a snapshot of the SERP for qr code maker free,127,1 month
qr koder,Informational,n/a,0,4.4K,,n/a,n/a,97,1.13,0.17,Go to a snapshot of the SERP for qr koder,104,1 month
qr maker,Commercial,n/a,0,4.4K,,n/a,n/a,94,1.13,0.61,Go to a snapshot of the SERP for qr maker,131,1 month
qr reader download,Informational,n/a,0,4.4K,,n/a,n/a,65,1.24,0.01,Go to a snapshot of the SERP for qr reader download,138,1 month
qr scanner online,Informational | Commercial,n/a,0,4.4K,,n/a,n/a,80,0.66,0.07,Go to a snapshot of the SERP for qr scanner online,110,1 month
qr-code-generator,Commercial,n/a,0,4.4K,,n/a,n/a,93,1.68,0.60,Go to a snapshot of the SERP for qr-code-generator,131,1 month
read qr code with android,Informational,n/a,0,4.4K,,n/a,n/a,49,0.89,0.27,Go to a snapshot of the SERP for read qr code with android,131,1 month
rick roll qr code,Informational,n/a,0,4.4K,,n/a,n/a,27,0.30,0.08,Go to a snapshot of the SERP for rick roll qr code,130,1 month
scan code,Informational,n/a,0,4.4K,,n/a,n/a,74,0.94,0.31,Go to a snapshot of the SERP for scan code,131,1 month
scan qr code from picture,Informational,n/a,0,4.4K,,n/a,n/a,37,0.80,0.39,Go to a snapshot of the SERP for scan qr code from picture,156,1 month
scan qr code online,Informational,n/a,0,4.4K,,n/a,n/a,80,0.66,0.07,Go to a snapshot of the SERP for scan qr code online,113,1 month
tomodachi life qr codes,Informational,n/a,0,4.4K,,n/a,n/a,27,0.00,0.33,Go to a snapshot of the SERP for tomodachi life qr codes,118,1 month
1/3 + 1/3,Informational,n/a,0,3.6K,,n/a,n/a,31,0.00,0.33,Go to a snapshot of the SERP for 1/3 + 1/3,n/a,1 month
adobe express qr code,Informational | Navigational,n/a,0,3.6K,,n/a,n/a,36,2.19,0.07,Go to a snapshot of the SERP for adobe express qr code,105,1 month
alpha sapphire pokemon qr codes,Informational,n/a,0,3.6K,,n/a,n/a,23,0.00,0.33,Go to a snapshot of the SERP for alpha sapphire pokemon qr codes,100,1 month
android app qr code scanner,Informational,n/a,0,3.6K,,n/a,n/a,45,0.88,0.33,Go to a snapshot of the SERP for android app qr code scanner,134,1 month
bar code reader,Informational,n/a,0,3.6K,,n/a,n/a,63,1.00,0.46,Go to a snapshot of the SERP for bar code reader,200,1 month
blockchain private key qr code,Informational,n/a,0,3.6K,,n/a,n/a,14,0.00,0.33,Go to a snapshot of the SERP for blockchain private key qr code,107,1 month
boo bundle qr code,Informational,n/a,0,3.6K,,n/a,n/a,24,0.00,0.33,Go to a snapshot of the SERP for boo bundle qr code,107,1 month
code qr mii,Informational,n/a,0,3.6K,,n/a,n/a,25,0.00,0.33,Go to a snapshot of the SERP for code qr mii,131,1 month
create a qr code for a url,Informational | Commercial,n/a,0,3.6K,,n/a,n/a,91,2.70,0.73,Go to a snapshot of the SERP for create a qr code for a url,163,1 month
create qr code for website,Informational,n/a,0,3.6K,,n/a,n/a,89,3.89,0.35,Go to a snapshot of the SERP for create qr code for website,173,1 month
create qr code from url,Informational | Commercial,n/a,0,3.6K,,n/a,n/a,68,2.70,0.73,Go to a snapshot of the SERP for create qr code from url,160,1 month
custom qr code,Informational,n/a,0,3.6K,,n/a,n/a,98,3.37,0.45,Go to a snapshot of the SERP for custom qr code,125,1 month
embroidered qr code rick roll,Informational,n/a,0,3.6K,,n/a,n/a,27,0.00,0.33,Go to a snapshot of the SERP for embroidered qr code rick roll,139,1 month
free qr code creator,Informational | Commercial,n/a,0,3.6K,,n/a,n/a,84,2.02,0.73,Go to a snapshot of the SERP for free qr code creator,122,1 month
generate qr,Commercial,n/a,0,3.6K,,n/a,n/a,93,1.68,0.60,Go to a snapshot of the SERP for generate qr,130,1 month
generating qr code free,Commercial,n/a,0,3.6K,,n/a,n/a,96,2.02,0.73,Go to a snapshot of the SERP for generating qr code free,20,1 month
google scanner,Informational,n/a,0,3.6K,,n/a,n/a,57,1.18,0.20,Go to a snapshot of the SERP for google scanner,173,1 month
how do you create a qr code,Informational,n/a,0,3.6K,,n/a,n/a,50,2.40,0.64,Go to a snapshot of the SERP for how do you create a qr code,162,1 month
how to create a qr code in canva,Informational,n/a,0,3.6K,,n/a,n/a,40,1.83,0.62,Go to a snapshot of the SERP for how to create a qr code in canva,18,1 month
how to scan a qr code on android,Informational,n/a,0,3.6K,,n/a,n/a,40,0.73,0.45,Go to a snapshot of the SERP for how to scan a qr code on android,20,1 month
how to scan qr code android,Informational,n/a,0,3.6K,,n/a,n/a,52,0.73,0.45,Go to a snapshot of the SERP for how to scan qr code android,129,1 month
how to scan qr code on phone,Informational,n/a,0,3.6K,,n/a,n/a,41,0.70,0.41,Go to a snapshot of the SERP for how to scan qr code on phone,133,1 month
how to scan qr code with iphone,Informational,n/a,0,3.6K,,n/a,n/a,42,0.51,0.39,Go to a snapshot of the SERP for how to scan qr code with iphone,119,1 month
linkedin qr code,Informational,n/a,0,3.6K,,n/a,n/a,32,1.48,0.14,Go to a snapshot of the SERP for linkedin qr code,97,1 month
maker qr,Commercial,n/a,0,3.6K,,n/a,n/a,100,1.31,0.59,Go to a snapshot of the SERP for maker qr,133,1 month
me-qr,Navigational,n/a,0,3.6K,,n/a,n/a,60,1.10,0.50,Go to a snapshot of the SERP for me-qr,n/a,1 month
mii code qr,Informational,n/a,0,3.6K,,n/a,n/a,25,0.00,0.33,Go to a snapshot of the SERP for mii code qr,131,1 month
mii qr codes,Informational,n/a,0,3.6K,,n/a,n/a,25,0.00,0.33,Go to a snapshot of the SERP for mii qr codes,196,1 month
pokemon omega ruby and alpha sapphire qr codes,Informational,n/a,0,3.6K,,n/a,n/a,14,0.00,0.33,Go to a snapshot of the SERP for pokemon omega ruby and alpha sapphire qr codes,123,1 month
pokemon qr codes for omega ruby,Informational,n/a,0,3.6K,,n/a,n/a,16,0.00,0.33,Go to a snapshot of the SERP for pokemon qr codes for omega ruby,113,1 month
printen qr code,Informational,n/a,0,3.6K,,n/a,n/a,12,2.05,0.04,Go to a snapshot of the SERP for printen qr code,127,1 month
qr barcode,Informational,n/a,0,3.6K,,n/a,n/a,66,1.13,0.17,Go to a snapshot of the SERP for qr barcode,135,1 month
qr code blur,Informational,n/a,0,3.6K,,n/a,n/a,13,0.00,0.33,Go to a snapshot of the SERP for qr code blur,97,1 month
qr code for communist manifesto,Informational,n/a,0,3.6K,,n/a,n/a,18,0.00,0.33,Go to a snapshot of the SERP for qr code for communist manifesto,148,1 month
qr code free,Commercial,n/a,0,3.6K,,n/a,n/a,94,1.61,0.73,Go to a snapshot of the SERP for qr code free,127,1 month
qr code generator google,Informational,n/a,0,3.6K,,n/a,n/a,75,1.60,0.64,Go to a snapshot of the SERP for qr code generator google,103,1 month
qr code making,Informational,n/a,0,3.6K,,n/a,n/a,93,2.16,0.73,Go to a snapshot of the SERP for qr code making,124,1 month
qr code pokemon alpha sapphire,Informational,n/a,0,3.6K,,n/a,n/a,21,0.00,0.33,Go to a snapshot of the SERP for qr code pokemon alpha sapphire,98,1 month
qr code stickers,Commercial,n/a,0,3.6K,,n/a,n/a,13,1.85,1.00,Go to a snapshot of the SERP for qr code stickers,195,1 month
qr creator,Informational | Commercial,n/a,0,3.6K,,n/a,n/a,91,1.50,0.69,Go to a snapshot of the SERP for qr creator,20,1 month
qr generator free,Commercial,n/a,0,3.6K,,n/a,n/a,91,1.82,0.74,Go to a snapshot of the SERP for qr generator free,127,1 month
sample qr code,Informational,n/a,0,3.6K,,n/a,n/a,45,1.13,0.30,Go to a snapshot of the SERP for sample qr code,129,1 month
scan qr code android,Informational,n/a,0,3.6K,,n/a,n/a,47,0.89,0.27,Go to a snapshot of the SERP for scan qr code android,94,1 month
scan qr codes from picture,Informational,n/a,0,3.6K,,n/a,n/a,32,0.80,0.39,Go to a snapshot of the SERP for scan qr codes from picture,147,1 month
scaner,Informational | Commercial,n/a,0,3.6K,,n/a,n/a,83,1.14,0.50,Go to a snapshot of the SERP for scaner,211,1 month
sceptile qr code sun and moon,Informational,n/a,0,3.6K,,n/a,n/a,22,0.00,0.33,Go to a snapshot of the SERP for sceptile qr code sun and moon,13.1K,1 month
star wars movie fx qr codes,Informational,n/a,0,3.6K,,n/a,n/a,19,0.00,0.33,Go to a snapshot of the SERP for star wars movie fx qr codes,70,1 month
t mobile esim qr code,Informational,n/a,0,3.6K,,n/a,n/a,33,1.73,0.02,Go to a snapshot of the SERP for t mobile esim qr code,44,1 month
tmobile esim qr code,Informational,n/a,0,3.6K,,n/a,n/a,40,1.73,0.02,Go to a snapshot of the SERP for tmobile esim qr code,108,1 month
url to qr code,Informational,n/a,0,3.6K,,n/a,n/a,92,0.88,0.59,Go to a snapshot of the SERP for url to qr code,117,1 month
usps qr code,Informational,n/a,0,3.6K,,n/a,n/a,50,2.29,0.33,Go to a snapshot of the SERP for usps qr code,105,1 month
xmeye qr code,Informational,n/a,0,3.6K,,n/a,n/a,21,0.00,0.33,Go to a snapshot of the SERP for xmeye qr code,94,1 month
yo kai watch blue coin qr codes,Informational,n/a,0,3.6K,,n/a,n/a,27,0.00,0.33,Go to a snapshot of the SERP for yo kai watch blue coin qr codes,169,1 month
barcode scanner online,Informational,n/a,0,2.9K,,n/a,n/a,65,0.86,0.21,Go to a snapshot of the SERP for barcode scanner online,105,1 month
business card with qr code,Informational,n/a,0,2.9K,,n/a,n/a,37,3.34,1.00,Go to a snapshot of the SERP for business card with qr code,168,1 month
business cards with qr code,Informational,n/a,0,2.9K,,n/a,n/a,41,3.34,1.00,Go to a snapshot of the SERP for business cards with qr code,173,1 month
codigo qr,Informational,n/a,0,2.9K,,n/a,n/a,73,0.82,0.29,Go to a snapshot of the SERP for codigo qr,135,1 month
fake qr code,Informational,n/a,0,2.9K,,n/a,n/a,52,1.89,0.06,Go to a snapshot of the SERP for fake qr code,120,1 month
free qr code generator google,Informational,n/a,0,2.9K,,n/a,n/a,72,1.94,0.69,Go to a snapshot of the SERP for free qr code generator google,130,1 month
free qr code generator no expiration,Informational | Commercial,n/a,0,2.9K,,n/a,n/a,87,1.86,0.79,Go to a snapshot of the SERP for free qr code generator no expiration,119,1 month
free qr generator,Commercial,n/a,0,2.9K,,n/a,n/a,94,1.92,0.65,Go to a snapshot of the SERP for free qr generator,128,1 month
get a qr code,Informational | Transactional,n/a,0,2.9K,,n/a,n/a,98,2.16,0.73,Go to a snapshot of the SERP for get a qr code,20,1 month
handmade qr code,Informational,n/a,0,2.9K,,n/a,n/a,90,0.00,0.33,Go to a snapshot of the SERP for handmade qr code,126,1 month
how do qr codes work,Informational,n/a,0,2.9K,,n/a,n/a,59,0.19,0.18,Go to a snapshot of the SERP for how do qr codes work,150,1 month
how to create qr code,Informational,n/a,0,2.9K,,n/a,n/a,89,2.26,0.68,Go to a snapshot of the SERP for how to create qr code,170,1 month
how to do qr scan,Informational,n/a,0,2.9K,,n/a,n/a,69,0.74,0.59,Go to a snapshot of the SERP for how to do qr scan,37,1 month
how to generate qr code,Informational,n/a,0,2.9K,,n/a,n/a,88,2.61,0.69,Go to a snapshot of the SERP for how to generate qr code,190,1 month
image scanner,Commercial,n/a,0,2.9K,,n/a,n/a,67,1.22,0.36,Go to a snapshot of the SERP for image scanner,186,1 month
instagram qr code,Informational,n/a,0,2.9K,,n/a,n/a,37,1.92,0.42,Go to a snapshot of the SERP for instagram qr code,95,1 month
make a qr code for a website,Informational,n/a,0,2.9K,,n/a,n/a,80,3.89,0.35,Go to a snapshot of the SERP for make a qr code for a website,168,1 month
make a qr code for free,Informational,n/a,0,2.9K,,n/a,n/a,95,2.02,0.73,Go to a snapshot of the SERP for make a qr code for free,36,1 month
make free qr code,Commercial,n/a,0,2.9K,,n/a,n/a,95,2.02,0.73,Go to a snapshot of the SERP for make free qr code,125,1 month
make qr,Informational | Commercial,n/a,0,2.9K,,n/a,n/a,93,2.16,0.73,Go to a snapshot of the SERP for make qr,129,1 month
monkey.com,Transactional,n/a,0,2.9K,,n/a,n/a,74,0.09,0.11,Go to a snapshot of the SERP for monkey.com,507M,1 month
pokemon omega ruby and alpha sapphire pokemon qr codes,Informational,n/a,0,2.9K,,n/a,n/a,20,0.00,0.33,Go to a snapshot of the SERP for pokemon omega ruby and alpha sapphire pokemon qr codes,111,1 month
qr code alpha sapphire,Informational,n/a,0,2.9K,,n/a,n/a,16,0.00,0.33,Go to a snapshot of the SERP for qr code alpha sapphire,173,1 month
qr code for vodafone,Informational,n/a,0,2.9K,,n/a,n/a,30,0.00,0.33,Go to a snapshot of the SERP for qr code for vodafone,86,1 month
qr code healthy 365,Informational,n/a,0,2.9K,,n/a,n/a,14,0.00,0.33,Go to a snapshot of the SERP for qr code healthy 365,119,1 month
qr code kakaotalk,Informational,n/a,0,2.9K,,n/a,n/a,20,0.00,0.33,Go to a snapshot of the SERP for qr code kakaotalk,121,1 month
qr code meaning,Informational,n/a,0,2.9K,,n/a,n/a,68,0.20,0.02,Go to a snapshot of the SERP for qr code meaning,122,1 month
qr code sample,Informational,n/a,0,2.9K,,n/a,n/a,20,1.13,0.30,Go to a snapshot of the SERP for qr code sample,86,1 month
qr code snow,Informational,n/a,0,2.9K,,n/a,n/a,14,0.00,0.33,Go to a snapshot of the SERP for qr code snow,117,1 month
qr codes clash royale,Informational,n/a,0,2.9K,,n/a,n/a,38,0.00,0.33,Go to a snapshot of the SERP for qr codes clash royale,98,1 month
qr decoder,Commercial,n/a,0,2.9K,,n/a,n/a,51,0.61,0.03,Go to a snapshot of the SERP for qr decoder,16,1 month
qr gen,Informational,n/a,0,2.9K,,n/a,n/a,91,1.68,0.60,Go to a snapshot of the SERP for qr gen,134,1 month
qr scan,Informational | Commercial,n/a,0,2.9K,,n/a,n/a,79,0.71,0.35,Go to a snapshot of the SERP for qr scan,133,1 month
qrcode maker,Commercial,n/a,0,2.9K,,n/a,n/a,97,1.13,0.61,Go to a snapshot of the SERP for qrcode maker,131,1 month
qrcodemonkey,Navigational,n/a,0,2.9K,,n/a,n/a,84,0.80,0.35,Go to a snapshot of the SERP for qrcodemonkey,95,1 month
qrscanner.net,Informational | Navigational,n/a,0,2.9K,,n/a,n/a,82,0.00,0.01,Go to a snapshot of the SERP for qrscanner.net,2.6M,1 month
read qr code,Informational,n/a,0,2.9K,,n/a,n/a,74,0.80,0.27,Go to a snapshot of the SERP for read qr code,123,1 month
rick roll qr code patch,Informational,n/a,0,2.9K,,n/a,n/a,23,0.00,0.33,Go to a snapshot of the SERP for rick roll qr code patch,124,1 month
scan a qr code,Informational,n/a,0,2.9K,,n/a,n/a,78,0.76,0.35,Go to a snapshot of the SERP for scan a qr code,121,1 month
the qr code generator,Informational | Transactional,n/a,0,2.9K,,n/a,n/a,100,2.70,0.45,Go to a snapshot of the SERP for the qr code generator,19,1 month
turn link into qr code,Informational,n/a,0,2.9K,,n/a,n/a,93,2.30,0.69,Go to a snapshot of the SERP for turn link into qr code,37,1 month
venmo qr code,Informational,n/a,0,2.9K,,n/a,n/a,28,0.56,0.17,Go to a snapshot of the SERP for venmo qr code,99,1 month
verizon esim qr code,Informational,n/a,0,2.9K,,n/a,n/a,45,3.50,0.05,Go to a snapshot of the SERP for verizon esim qr code,101,1 month
wifi qr code,Informational,n/a,0,2.9K,,n/a,n/a,42,0.63,0.45,Go to a snapshot of the SERP for wifi qr code,118,1 month
yo kai watch 1 5 star coin qr codes,Informational | Transactional,n/a,0,2.9K,,n/a,n/a,25,0.00,0.33,Go to a snapshot of the SERP for yo kai watch 1 5 star coin qr codes,122,1 month
yo kai watch 2 blue coin qr codes,Informational,n/a,0,2.9K,,n/a,n/a,31,0.00,0.33,Go to a snapshot of the SERP for yo kai watch 2 blue coin qr codes,85,1 month
yo kai watch qr codes for 5 star coins,Informational,n/a,0,2.9K,,n/a,n/a,20,0.00,0.33,Go to a snapshot of the SERP for yo kai watch qr codes for 5 star coins,93,1 month
zips qr code,Informational,n/a,0,2.9K,,n/a,n/a,36,0.00,0.33,Go to a snapshot of the SERP for zips qr code,112,1 month
67 emote clash royale qr code,Informational,n/a,0,2.4K,,n/a,n/a,37,0.00,0.33,Go to a snapshot of the SERP for 67 emote clash royale qr code,112,1 month
barcode recognition online,Informational,n/a,0,2.4K,,n/a,n/a,63,0.86,0.21,Go to a snapshot of the SERP for barcode recognition online,101,1 month
best free qr code generator,Commercial,n/a,0,2.4K,,n/a,n/a,43,1.92,0.67,Go to a snapshot of the SERP for best free qr code generator,167,1 month
best qr code generator,Commercial,n/a,0,2.4K,,n/a,n/a,50,4.41,0.70,Go to a snapshot of the SERP for best qr code generator,119,1 month
buy crypto via qr code,n/a,n/a,0,2.4K,,n/a,n/a,n/a,0.00,0.00,n/a,n/a,Refresh
create qr barcodes,Informational,n/a,0,2.4K,,n/a,n/a,90,2.16,0.73,Go to a snapshot of the SERP for create qr barcodes,127,1 month
dynamic qr code generator,Informational,n/a,0,2.4K,,n/a,n/a,66,7.47,0.32,Go to a snapshot of the SERP for dynamic qr code generator,128,1 month
free qr code generator online,Informational,n/a,0,2.4K,,n/a,n/a,94,1.56,0.12,Go to a snapshot of the SERP for free qr code generator online,38,1 month
free qr code generator that doesn't expire,Informational | Commercial,n/a,0,2.4K,,n/a,n/a,88,1.71,0.78,Go to a snapshot of the SERP for free qr code generator that doesn't expire,57.6K,1 month
free qr maker,Commercial,n/a,0,2.4K,,n/a,n/a,95,2.02,0.73,Go to a snapshot of the SERP for free qr maker,124,1 month
generate a qr code,Informational,n/a,0,2.4K,,n/a,n/a,92,1.68,0.60,Go to a snapshot of the SERP for generate a qr code,131,1 month
generate qr code free,Informational,n/a,0,2.4K,,n/a,n/a,95,2.02,0.73,Go to a snapshot of the SERP for generate qr code free,126,1 month
google form qr code,Informational,n/a,0,2.4K,,n/a,n/a,36,1.57,0.61,Go to a snapshot of the SERP for google form qr code,99,1 month
google qr generator,Informational,n/a,0,2.4K,,n/a,n/a,66,1.67,0.57,Go to a snapshot of the SERP for google qr generator,104,1 month
hacked pokemon qr codes,Informational,n/a,0,2.4K,,n/a,n/a,13,0.00,0.33,Go to a snapshot of the SERP for hacked pokemon qr codes,109,1 month
how to create a qr code for a website,Informational,n/a,0,2.4K,,n/a,n/a,83,4.02,0.70,Go to a snapshot of the SERP for how to create a qr code for a website,177,1 month
how to make a qr code for a google form,Informational,n/a,0,2.4K,,n/a,n/a,43,1.76,0.63,Go to a snapshot of the SERP for how to make a qr code for a google form,115,1 month
how to make a qr code for a website,Informational,n/a,0,2.4K,,n/a,n/a,80,4.02,0.70,Go to a snapshot of the SERP for how to make a qr code for a website,178,1 month
how to make a qr code free,Informational,n/a,0,2.4K,,n/a,n/a,94,2.28,0.72,Go to a snapshot of the SERP for how to make a qr code free,168,1 month
how to make a qr code from a link,Informational,n/a,0,2.4K,,n/a,n/a,64,3.11,0.71,Go to a snapshot of the SERP for how to make a qr code from a link,152,1 month
how to make a qr code image,n/a,n/a,0,2.4K,,n/a,n/a,n/a,0.00,0.00,n/a,n/a,Refresh
how to make a qr code in canva,Informational,n/a,0,2.4K,,n/a,n/a,40,1.62,0.55,Go to a snapshot of the SERP for how to make a qr code in canva,20,1 month
how to scan qr code on computer,Informational,n/a,0,2.4K,,n/a,n/a,40,0.22,0.01,Go to a snapshot of the SERP for how to scan qr code on computer,134,1 month
how to scan qr codes,Informational,n/a,0,2.4K,,n/a,n/a,73,0.55,0.53,Go to a snapshot of the SERP for how to scan qr codes,169,1 month
https //messages.google.com/web qr code,Navigational,n/a,0,2.4K,,n/a,n/a,42,1.62,0.01,Go to a snapshot of the SERP for https //messages.google.com/web qr code,n/a,1 month
lecture qr,Informational,n/a,0,2.4K,,n/a,n/a,64,0.00,0.33,Go to a snapshot of the SERP for lecture qr,130,1 month
link into qr code,Informational,n/a,0,2.4K,,n/a,n/a,91,1.47,0.56,Go to a snapshot of the SERP for link into qr code,77,1 month
link to qr code generator,Commercial,n/a,0,2.4K,,n/a,n/a,90,1.57,0.53,Go to a snapshot of the SERP for link to qr code generator,173,1 month
make barcode,Informational,n/a,0,2.4K,,n/a,n/a,56,1.42,0.32,Go to a snapshot of the SERP for make barcode,123,1 month
make qr code from link,Informational,n/a,0,2.4K,,n/a,n/a,92,1.57,0.53,Go to a snapshot of the SERP for make qr code from link,37,1 month
microsoft authenticator qr code,Informational,n/a,0,2.4K,,n/a,n/a,56,0.81,0.03,Go to a snapshot of the SERP for microsoft authenticator qr code,109,1 month
monster hunter stories qr code 2019,Informational,n/a,0,2.4K,,n/a,n/a,17,0.00,0.33,Go to a snapshot of the SERP for monster hunter stories qr code 2019,536K,1 month
my qr code,Informational,n/a,0,2.4K,,n/a,n/a,84,2.18,0.51,Go to a snapshot of the SERP for my qr code,138,1 month
online qr code reader,Informational,n/a,0,2.4K,,n/a,n/a,75,0.25,0.01,Go to a snapshot of the SERP for online qr code reader,114,1 month
pi vr qr codes,Informational,n/a,0,2.4K,,n/a,n/a,19,0.00,0.33,Go to a snapshot of the SERP for pi vr qr codes,2.3M,1 month
pokemon alpha sapphire pokemon qr codes,Informational,n/a,0,2.4K,,n/a,n/a,23,0.00,0.33,Go to a snapshot of the SERP for pokemon alpha sapphire pokemon qr codes,113,1 month
pokemon omega ruby pokemon qr codes,Informational,n/a,0,2.4K,,n/a,n/a,20,0.00,0.33,Go to a snapshot of the SERP for pokemon omega ruby pokemon qr codes,102,1 month
pokemon qr code hack,Informational,n/a,0,2.4K,,n/a,n/a,20,0.00,0.33,Go to a snapshot of the SERP for pokemon qr code hack,109,1 month
pokemon qr hack codes,Informational,n/a,0,2.4K,,n/a,n/a,10,0.00,0.33,Go to a snapshot of the SERP for pokemon qr hack codes,108,1 month
q code,Informational,n/a,0,2.4K,,n/a,n/a,37,1.15,0.06,Go to a snapshot of the SERP for q code,132,1 month
qr code canva,Informational,n/a,0,2.4K,,n/a,n/a,41,2.23,0.07,Go to a snapshot of the SERP for qr code canva,104,1 month
qr code decoder,Informational | Commercial,n/a,0,2.4K,,n/a,n/a,35,0.61,0.03,Go to a snapshot of the SERP for qr code decoder,86,1 month
qr code for google form,Informational,n/a,0,2.4K,,n/a,n/a,44,1.57,0.61,Go to a snapshot of the SERP for qr code for google form,1.4M,1 month
qr code generator with logo,Commercial,n/a,0,2.4K,,n/a,n/a,87,2.63,0.55,Go to a snapshot of the SERP for qr code generator with logo,156,1 month
qr code generator with logo customization,Informational,n/a,0,2.4K,,n/a,n/a,67,0.00,0.12,Go to a snapshot of the SERP for qr code generator with logo customization,157,1 month
qr code image,Informational,n/a,0,2.4K,,n/a,n/a,31,1.41,0.46,Go to a snapshot of the SERP for qr code image,130,1 month
qr code legendary,Informational,n/a,0,2.4K,,n/a,n/a,19,0.00,0.33,Go to a snapshot of the SERP for qr code legendary,98,1 month
qr code picture,Informational,n/a,0,2.4K,,n/a,n/a,24,1.41,0.46,Go to a snapshot of the SERP for qr code picture,125,1 month
qr code pokemon hack,Informational,n/a,0,2.4K,,n/a,n/a,27,0.00,0.33,Go to a snapshot of the SERP for qr code pokemon hack,109,1 month
qr code print,Informational,n/a,0,2.4K,,n/a,n/a,34,2.05,0.04,Go to a snapshot of the SERP for qr code print,130,1 month
qr code reader android,Informational,n/a,0,2.4K,,n/a,n/a,62,0.89,0.27,Go to a snapshot of the SERP for qr code reader android,18,1 month
qr code reader from image,Informational,n/a,0,2.4K,,n/a,n/a,43,0.75,0.19,Go to a snapshot of the SERP for qr code reader from image,124,1 month
qr codes generator,Commercial,n/a,0,2.4K,,n/a,n/a,98,1.68,0.60,Go to a snapshot of the SERP for qr codes generator,130,1 month
qr kod,Informational,n/a,0,2.4K,,n/a,n/a,100,1.01,0.12,Go to a snapshot of the SERP for qr kod,135,1 month
qr maker free,Commercial,n/a,0,2.4K,,n/a,n/a,95,2.02,0.73,Go to a snapshot of the SERP for qr maker free,129,1 month
qrcode scanner,Informational | Commercial,n/a,0,2.4K,,n/a,n/a,79,0.76,0.35,Go to a snapshot of the SERP for qrcode scanner,211,1 month
qrcodegenerator,Informational | Commercial,n/a,0,2.4K,,n/a,n/a,100,1.68,0.60,Go to a snapshot of the SERP for qrcodegenerator,127,1 month
random qr code,Informational,n/a,0,2.4K,,n/a,n/a,20,1.01,0.06,Go to a snapshot of the SERP for random qr code,64,1 month
rickroll qr code,Informational,n/a,0,2.4K,,n/a,n/a,26,0.00,0.02,Go to a snapshot of the SERP for rickroll qr code,131,1 month
scan code generator,Commercial,n/a,0,2.4K,,n/a,n/a,95,1.68,0.60,Go to a snapshot of the SERP for scan code generator,131,1 month
scan qr code iphone,Informational,n/a,0,2.4K,,n/a,n/a,33,0.72,0.39,Go to a snapshot of the SERP for scan qr code iphone,119,1 month
scan to barcode,Informational,n/a,0,2.4K,,n/a,n/a,67,0.96,0.53,Go to a snapshot of the SERP for scan to barcode,211,1 month
scanning scanning scanning,Informational,n/a,0,2.4K,,n/a,n/a,79,1.14,0.50,Go to a snapshot of the SERP for scanning scanning scanning,137,1 month
t mobile qr code,Informational,n/a,0,2.4K,,n/a,n/a,36,0.90,0.33,Go to a snapshot of the SERP for t mobile qr code,8,1 month
turn a link into a qr code,Informational,n/a,0,2.4K,,n/a,n/a,67,2.30,0.69,Go to a snapshot of the SERP for turn a link into a qr code,166,1 month
url to qr,Commercial,n/a,0,2.4K,,n/a,n/a,99,0.88,0.59,Go to a snapshot of the SERP for url to qr,113,1 month
wechat qr code,Informational,n/a,0,2.4K,,n/a,n/a,23,0.00,0.33,Go to a snapshot of the SERP for wechat qr code,108,1 month
yo kai watch excitement coin qr code,Informational,n/a,0,2.4K,,n/a,n/a,25,0.00,0.33,Go to a snapshot of the SERP for yo kai watch excitement coin qr code,97,1 month
yo kai watch pink coin qr codes,Informational,n/a,0,2.4K,,n/a,n/a,25,0.00,0.33,Go to a snapshot of the SERP for yo kai watch pink coin qr codes,181,1 month
your code generator,Commercial,n/a,0,2.4K,,n/a,n/a,90,0.00,0.33,Go to a snapshot of the SERP for your code generator,115,1 month
zelle qr code,Informational,n/a,0,2.4K,,n/a,n/a,23,0.95,0.02,Go to a snapshot of the SERP for zelle qr code,20,1 month
ссылка в куар код,Commercial,n/a,0,2.4K,,n/a,n/a,27,0.16,0.24,Go to a snapshot of the SERP for ссылка в куар код,78,1 month
3d print qr code,Informational,n/a,0,1.9K,,n/a,n/a,11,0.77,0.09,Go to a snapshot of the SERP for 3d print qr code,114,1 month
3ds qr codes,Informational,n/a,0,1.9K,,n/a,n/a,38,0.00,0.33,6,181,1 month
3ds themes qr codes,Informational,n/a,0,1.9K,,n/a,n/a,20,0.00,0.33,Go to a snapshot of the SERP for 3ds themes qr codes,112,1 month
ash/partner pikachu ultra moon qr code,Informational,n/a,0,1.9K,,n/a,n/a,18,0.00,0.00,7,91,1 month
bitly qr code,Informational,n/a,0,1.9K,,n/a,n/a,74,1.94,0.61,Go to a snapshot of the SERP for bitly qr code,102,1 month
blur qr code,Informational,n/a,0,1.9K,,n/a,n/a,20,0.00,0.33,Go to a snapshot of the SERP for blur qr code,94,1 month
britannia qr code,Informational,n/a,0,1.9K,,n/a,n/a,24,0.00,0.33,4,107,1 month
buy usdt by scanning qr code,n/a,n/a,0,1.9K,,n/a,n/a,n/a,0.00,0.00,n/a,n/a,Refresh
calling qr code,Informational,n/a,0,1.9K,,n/a,n/a,18,0.97,0.33,Go to a snapshot of the SERP for calling qr code,68,1 month
canva barcode generator,Transactional | Navigational,n/a,0,1.9K,,n/a,n/a,41,2.33,0.01,Go to a snapshot of the SERP for canva barcode generator,n/a,1 month
clash royale 67 emote qr code,Informational,n/a,0,1.9K,,n/a,n/a,25,0.00,0.33,6,101,1 month
clash royale qr code 2025,n/a,n/a,0,1.9K,,n/a,n/a,n/a,0.00,0.33,n/a,n/a,Refresh
create a qr,Informational,n/a,0,1.9K,,n/a,n/a,84,2.16,0.73,Go to a snapshot of the SERP for create a qr,126,1 month
create qr code for free,Commercial,n/a,0,1.9K,,n/a,n/a,96,2.02,0.73,Go to a snapshot of the SERP for create qr code for free,168,1 month
create qr code online,Informational,n/a,0,1.9K,,n/a,n/a,91,1.40,0.14,Go to a snapshot of the SERP for create qr code online,36,1 month
creating a qr code,Informational,n/a,0,1.9K,,n/a,n/a,99,2.80,0.74,Go to a snapshot of the SERP for creating a qr code,18,1 month
creating a qr code free,Informational,n/a,0,1.9K,,n/a,n/a,92,2.02,0.73,Go to a snapshot of the SERP for creating a qr code free,160,1 month
custom qr code maker,Informational,n/a,0,1.9K,,n/a,n/a,95,3.46,0.11,Go to a snapshot of the SERP for custom qr code maker,125,1 month
dbl qr codes,Informational,n/a,0,1.9K,,n/a,n/a,24,0.00,0.01,Go to a snapshot of the SERP for dbl qr codes,98,1 month
escanear codigo,Informational,n/a,0,1.9K,,n/a,n/a,60,0.71,0.41,Go to a snapshot of the SERP for escanear codigo,134,1 month
facebook qr code,Informational,n/a,0,1.9K,,n/a,n/a,34,1.81,0.35,Go to a snapshot of the SERP for facebook qr code,102,1 month
free qr code reader,Informational,n/a,0,1.9K,,n/a,n/a,78,0.93,0.50,Go to a snapshot of the SERP for free qr code reader,132,1 month
free qr scanner,Informational,n/a,0,1.9K,,n/a,n/a,77,0.93,0.50,Go to a snapshot of the SERP for free qr scanner,131,1 month
google review qr code,Commercial,n/a,0,1.9K,,n/a,n/a,33,2.07,1.00,Go to a snapshot of the SERP for google review qr code,99,1 month
how can i make a qr code,Informational,n/a,0,1.9K,,n/a,n/a,88,2.40,0.64,Go to a snapshot of the SERP for how can i make a qr code,187,1 month
how to create a scan code,Informational,n/a,0,1.9K,,n/a,n/a,91,2.40,0.64,Go to a snapshot of the SERP for how to create a scan code,177,1 month
how to get qr code,Informational,n/a,0,1.9K,,n/a,n/a,91,2.61,0.69,Go to a snapshot of the SERP for how to get qr code,187,1 month
how to make a qr code on canva,Informational,n/a,0,1.9K,,n/a,n/a,39,1.76,0.56,Go to a snapshot of the SERP for how to make a qr code on canva,142,1 month
how to obtain a qr code,Informational,n/a,0,1.9K,,n/a,n/a,65,2.40,0.64,Go to a snapshot of the SERP for how to obtain a qr code,181,1 month
how to scan a qr code on computer,Informational,n/a,0,1.9K,,n/a,n/a,35,0.22,0.01,Go to a snapshot of the SERP for how to scan a qr code on computer,133,1 month
how to sign in to steam via qr code,Informational | Transactional,n/a,0,1.9K,,n/a,n/a,56,0.00,0.00,6,125,1 month
how to take ring doorbell off to find qr code,n/a,n/a,0,1.9K,,n/a,n/a,n/a,0.00,0.00,n/a,n/a,Refresh
how to use a qr code,Informational,n/a,0,1.9K,,n/a,n/a,72,0.28,0.51,Go to a snapshot of the SERP for how to use a qr code,184,1 month
hshop qr code,Navigational,n/a,0,1.9K,,n/a,n/a,43,0.00,0.33,Go to a snapshot of the SERP for hshop qr code,56,1 month
ice qr code,Informational,n/a,0,1.9K,,n/a,n/a,22,0.00,0.33,Go to a snapshot of the SERP for ice qr code,108,1 month
legendary qr codes,Informational,n/a,0,1.9K,,n/a,n/a,26,0.00,0.33,Go to a snapshot of the SERP for legendary qr codes,111,1 month
me qr,Navigational,n/a,0,1.9K,,n/a,n/a,74,1.10,0.50,Go to a snapshot of the SERP for me qr,n/a,1 month
mii qr codes tomodachi,Informational,n/a,0,1.9K,,n/a,n/a,24,0.00,0.33,Go to a snapshot of the SERP for mii qr codes tomodachi,185,1 month
monkey qr code,Informational,n/a,0,1.9K,,n/a,n/a,71,0.44,0.28,Go to a snapshot of the SERP for monkey qr code,112,1 month
myqrcode,Navigational,n/a,0,1.9K,,n/a,n/a,27,1.69,0.64,Go to a snapshot of the SERP for myqrcode,112,1 month
paypal qr code,Informational,n/a,0,1.9K,,n/a,n/a,41,3.09,0.11,Go to a snapshot of the SERP for paypal qr code,108,1 month
pdf to qr code,Informational,n/a,0,1.9K,,n/a,n/a,31,1.78,0.64,Go to a snapshot of the SERP for pdf to qr code,115,1 month
purple coin qr codes,Informational,n/a,0,1.9K,,n/a,n/a,23,0.00,0.33,7,120,1 month
qr code app,Informational,n/a,0,1.9K,,n/a,n/a,54,1.11,0.52,Go to a snapshot of the SERP for qr code app,161,1 month
qr code build,Informational,n/a,0,1.9K,,n/a,n/a,92,2.80,0.74,Go to a snapshot of the SERP for qr code build,130,1 month
qr code for wedding pictures,Informational,n/a,0,1.9K,,n/a,n/a,22,1.87,1.00,Go to a snapshot of the SERP for qr code for wedding pictures,162,1 month
qr code generator login,Transactional,n/a,0,1.9K,,n/a,n/a,77,1.37,0.10,Go to a snapshot of the SERP for qr code generator login,112,1 month
qr code generator pro,Informational,n/a,0,1.9K,,n/a,n/a,97,5.49,0.25,Go to a snapshot of the SERP for qr code generator pro,38,1 month
qr code gta 5,Informational,n/a,0,1.9K,,n/a,n/a,31,0.00,0.33,Go to a snapshot of the SERP for qr code gta 5,108,1 month
qr code in print,Informational,n/a,0,1.9K,,n/a,n/a,14,2.05,0.04,Go to a snapshot of the SERP for qr code in print,131,1 month
qr code io,Navigational,n/a,0,1.9K,,n/a,n/a,38,1.13,0.49,Go to a snapshot of the SERP for qr code io,110,1 month
qr code png,Informational,n/a,0,1.9K,,n/a,n/a,42,2.09,0.09,Go to a snapshot of the SERP for qr code png,138,1 month
qr code reader download,Informational,n/a,0,1.9K,,n/a,n/a,62,0.92,0.33,Go to a snapshot of the SERP for qr code reader download,139,1 month
qr code rouge,Informational,n/a,0,1.9K,,n/a,n/a,31,0.00,0.33,Go to a snapshot of the SERP for qr code rouge,68M,1 month
qr code scaner,Informational | Transactional,n/a,0,1.9K,,n/a,n/a,81,0.76,0.35,Go to a snapshot of the SERP for qr code scaner,203,1 month
qr code scanner android,Informational,n/a,0,1.9K,,n/a,n/a,68,0.89,0.27,Go to a snapshot of the SERP for qr code scanner android,108,1 month
qr code weird,Informational,n/a,0,1.9K,,n/a,n/a,28,1.03,0.15,Go to a snapshot of the SERP for qr code weird,122,1 month
qr creator free,Commercial,n/a,0,1.9K,,n/a,n/a,98,2.02,0.73,Go to a snapshot of the SERP for qr creator free,101,1 month
qr creator online,Informational | Commercial,n/a,0,1.9K,,n/a,n/a,92,1.40,0.14,Go to a snapshot of the SERP for qr creator online,134,1 month
qr io,Navigational,n/a,0,1.9K,,n/a,n/a,44,1.13,0.49,Go to a snapshot of the SERP for qr io,n/a,1 month
qr tiger qr code generator,Informational | Navigational,n/a,0,1.9K,,n/a,n/a,31,1.98,0.05,Go to a snapshot of the SERP for qr tiger qr code generator,5,1 month
qr.io,Navigational,n/a,0,1.9K,,n/a,n/a,47,1.13,0.49,Go to a snapshot of the SERP for qr.io,n/a,1 month
qrcode monkey free qr code generator,Informational,n/a,0,1.9K,,n/a,n/a,81,0.00,0.33,Go to a snapshot of the SERP for qrcode monkey free qr code generator,131,1 month
qrcode reader,Informational,n/a,0,1.9K,,n/a,n/a,82,0.80,0.36,Go to a snapshot of the SERP for qrcode reader,20,1 month
qrmaker,Informational,n/a,0,1.9K,,n/a,n/a,92,1.13,0.61,Go to a snapshot of the SERP for qrmaker,20,1 month
qrqr meaning,Informational,n/a,0,1.9K,,n/a,n/a,54,0.20,0.02,Go to a snapshot of the SERP for qrqr meaning,119,1 month
read qr code from image,Informational,n/a,0,1.9K,,n/a,n/a,43,0.75,0.19,Go to a snapshot of the SERP for read qr code from image,152,1 month
scan barcode online,Informational,n/a,0,1.9K,,n/a,n/a,53,0.86,0.21,Go to a snapshot of the SERP for scan barcode online,110,1 month
scan qr,Informational,n/a,0,1.9K,,n/a,n/a,65,0.66,0.25,Go to a snapshot of the SERP for scan qr,128,1 month
test barcode online,Informational | Commercial,n/a,0,1.9K,,n/a,n/a,59,0.86,0.21,Go to a snapshot of the SERP for test barcode online,19,1 month
ultra sun qr code pokemon,Informational,n/a,0,1.9K,,n/a,n/a,22,0.00,0.33,Go to a snapshot of the SERP for ultra sun qr code pokemon,169,1 month
website to make a free qr code,n/a,n/a,0,1.9K,,n/a,n/a,n/a,0.00,0.00,n/a,n/a,Refresh
what does qr stand for in qr code,Informational,n/a,0,1.9K,,n/a,n/a,40,0.13,0.04,Go to a snapshot of the SERP for what does qr stand for in qr code,156,1 month
what is qr code,Informational,n/a,0,1.9K,,n/a,n/a,71,0.22,0.12,Go to a snapshot of the SERP for what is qr code,20,1 month
wifi qr code generator,Informational,n/a,0,1.9K,,n/a,n/a,31,0.83,0.44,Go to a snapshot of the SERP for wifi qr code generator,115,1 month
yo kai watch five star coin qr codes,Informational | Transactional,n/a,0,1.9K,,n/a,n/a,22,0.00,0.33,Go to a snapshot of the SERP for yo kai watch five star coin qr codes,133,1 month
3ds theme qr codes,Informational,n/a,0,1.6K,,n/a,n/a,17,0.00,0.33,Go to a snapshot of the SERP for 3ds theme qr codes,107,1 month
android qr code scannen,Informational,n/a,0,1.6K,,n/a,n/a,70,0.89,0.27,Go to a snapshot of the SERP for android qr code scannen,94,1 month
bar code reader online,Informational | Commercial,n/a,0,1.6K,,n/a,n/a,65,0.86,0.21,5,163,1 month
barcode scanner free,Informational,n/a,0,1.6K,,n/a,n/a,41,1.13,0.58,Go to a snapshot of the SERP for barcode scanner free,202,1 month
big hit audition qr code,Informational,n/a,0,1.6K,,n/a,n/a,32,0.00,0.33,Go to a snapshot of the SERP for big hit audition qr code,111,1 month
business card qr code,Informational | Commercial,n/a,0,1.6K,,n/a,n/a,39,3.32,1.00,6,120,1 month
cam qr,Informational,n/a,0,1.6K,,n/a,n/a,80,0.72,0.04,8,121,1 month
code qr facebook,Informational,n/a,0,1.6K,,n/a,n/a,42,1.81,0.35,Go to a snapshot of the SERP for code qr facebook,102,1 month
create a custom qr code,Commercial,n/a,0,1.6K,,n/a,n/a,85,3.11,0.11,6,175,1 month
creator of qr codes,n/a,n/a,0,1.6K,,n/a,n/a,n/a,1.39,0.57,n/a,n/a,Refresh
cross stitch qr code,Informational,n/a,0,1.6K,,n/a,n/a,1,0.00,0.01,Go to a snapshot of the SERP for cross stitch qr code,57,1 month
dbl qr code generator,Informational,n/a,0,1.6K,,n/a,n/a,26,0.00,0.05,6,108,1 month
decoder qr,Informational | Commercial,n/a,0,1.6K,,n/a,n/a,33,0.61,0.03,Go to a snapshot of the SERP for decoder qr,91,1 month
decodificador qr code,Informational | Commercial,n/a,0,1.6K,,n/a,n/a,39,0.61,0.03,4,118,1 month
diva station qr code,Informational,n/a,0,1.6K,,n/a,n/a,26,0.00,0.33,Go to a snapshot of the SERP for diva station qr code,52,1 month
dot qr code,Informational,n/a,0,1.6K,,n/a,n/a,35,2.18,0.02,Go to a snapshot of the SERP for dot qr code,120,1 month
double qr codes,Informational,n/a,0,1.6K,,n/a,n/a,50,0.00,0.01,6,137,1 month
download qr reader,Informational,n/a,0,1.6K,,n/a,n/a,63,1.24,0.01,Go to a snapshot of the SERP for download qr reader,135,1 month
dynamic qr code,Informational | Commercial,n/a,0,1.6K,,n/a,n/a,30,6.19,0.61,Go to a snapshot of the SERP for dynamic qr code,126,1 month
flow code,Navigational,n/a,0,1.6K,,n/a,n/a,66,1.23,0.42,9,110,1 month
flowcode login,Transactional | Navigational,n/a,0,1.6K,,n/a,n/a,25,0.21,0.12,5,100,1 month
funny qr codes,Informational,n/a,0,1.6K,,n/a,n/a,24,1.03,0.15,Go to a snapshot of the SERP for funny qr codes,125,1 month
geforce now qr code ads,Informational,n/a,0,1.6K,,n/a,n/a,35,0.00,0.00,6,2.3M,1 month
generador de qr,Informational,n/a,0,1.6K,,n/a,n/a,73,0.79,0.51,Go to a snapshot of the SERP for generador de qr,130,1 month
generate a qr,Informational,n/a,0,1.6K,,n/a,n/a,90,1.89,0.70,Go to a snapshot of the SERP for generate a qr,131,1 month
generate qr code for url,Informational,n/a,0,1.6K,,n/a,n/a,93,2.06,0.73,Go to a snapshot of the SERP for generate qr code for url,171,1 month
how can you scan,Informational,n/a,0,1.6K,,n/a,n/a,57,0.64,0.35,6,107,1 month
how do you scan,Informational,n/a,0,1.6K,,n/a,n/a,50,0.65,0.37,7,107,1 month
how do you scan a barcode,Informational,n/a,0,1.6K,,n/a,n/a,62,0.74,0.53,7,179,1 month
how does qr code work,Informational,n/a,0,1.6K,,n/a,n/a,63,0.19,0.17,6,140,1 month
how to create a qr,Informational | Commercial,n/a,0,1.6K,,n/a,n/a,92,2.47,0.69,8,188,1 month
how to create a qr code free,Informational,n/a,0,1.6K,,n/a,n/a,93,2.28,0.72,Go to a snapshot of the SERP for how to create a qr code free,176,1 month
how to get a qr code for a website,Informational,n/a,0,1.6K,,n/a,n/a,76,4.15,0.70,Go to a snapshot of the SERP for how to get a qr code for a website,174,1 month
how to make a qr code for free,Informational,n/a,0,1.6K,,n/a,n/a,91,2.28,0.72,Go to a snapshot of the SERP for how to make a qr code for free,170,1 month
how to make qr codes,Informational,n/a,0,1.6K,,n/a,n/a,74,2.02,0.62,7,193,1 month
how to scan a barcode,Informational,n/a,0,1.6K,,n/a,n/a,77,0.80,0.53,Go to a snapshot of the SERP for how to scan a barcode,180,1 month
how to scan a qr code on my phone,Informational,n/a,0,1.6K,,n/a,n/a,39,0.79,0.49,9,139,1 month
how to scan a qr code with iphone,Informational,n/a,0,1.6K,,n/a,n/a,33,0.51,0.39,Go to a snapshot of the SERP for how to scan a qr code with iphone,112,1 month
how to scan qr code with android,Informational,n/a,0,1.6K,,n/a,n/a,47,0.68,0.44,9,132,1 month
how to turn a link into a qr code,Informational,n/a,0,1.6K,,n/a,n/a,87,2.73,0.65,7,163,1 month
how to use qr code,Informational,n/a,0,1.6K,,n/a,n/a,75,0.26,0.44,6,176,1 month
knitted qr code,Informational,n/a,0,1.6K,,n/a,n/a,12,0.00,0.33,6,106,1 month
link generator,Commercial,n/a,0,1.6K,,n/a,n/a,98,1.51,0.16,6,132,1 month
make qr code online,Informational | Commercial,n/a,0,1.6K,,n/a,n/a,91,1.40,0.14,6,126,1 month
making qr code online,Commercial,n/a,0,1.6K,,n/a,n/a,95,1.40,0.14,Go to a snapshot of the SERP for making qr code online,128,1 month
minecraft qr code,Informational,n/a,0,1.6K,,n/a,n/a,29,0.00,0.33,Go to a snapshot of the SERP for minecraft qr code,109,1 month
netflix qr code login,Transactional | Navigational,n/a,0,1.6K,,n/a,n/a,44,1.34,0.33,Go to a snapshot of the SERP for netflix qr code login,44,1 month
omega ruby qr codes,Informational,n/a,0,1.6K,,n/a,n/a,12,0.00,0.33,Go to a snapshot of the SERP for omega ruby qr codes,109,1 month
outlook qr code,Informational,n/a,0,1.6K,,n/a,n/a,34,0.00,0.33,Go to a snapshot of the SERP for outlook qr code,43,1 month
playstation qr code,Informational | Navigational,n/a,0,1.6K,,n/a,n/a,47,1.21,0.33,Go to a snapshot of the SERP for playstation qr code,165,1 month
pokemon ultra moon qr codes,Informational,n/a,0,1.6K,,n/a,n/a,22,0.00,0.33,6,85,1 month
pokemon ultra sun hacked qr codes,Informational,n/a,0,1.6K,,n/a,n/a,24,0.00,0.33,Go to a snapshot of the SERP for pokemon ultra sun hacked qr codes,109,1 month
pokemon ultra sun pokemon qr codes,Informational,n/a,0,1.6K,,n/a,n/a,20,0.00,0.33,Go to a snapshot of the SERP for pokemon ultra sun pokemon qr codes,126,1 month
pokemon ultra sun qr codes,Informational,n/a,0,1.6K,,n/a,n/a,31,0.00,0.33,Go to a snapshot of the SERP for pokemon ultra sun qr codes,95,1 month
purrloin qr code,Informational,n/a,0,1.6K,,n/a,n/a,22,0.00,0.33,Go to a snapshot of the SERP for purrloin qr code,11K,1 month
qr and barcode,Informational,n/a,0,1.6K,,n/a,n/a,54,1.13,0.17,Go to a snapshot of the SERP for qr and barcode,134,1 month
qr barcode generator online free,Commercial,n/a,0,1.6K,,n/a,n/a,86,1.56,0.12,Go to a snapshot of the SERP for qr barcode generator online free,135,1 month
qr chimp,Navigational,n/a,0,1.6K,,n/a,n/a,24,0.99,0.43,Go to a snapshot of the SERP for qr chimp,129,1 month
qr code chimp,Navigational,n/a,0,1.6K,,n/a,n/a,31,0.99,0.43,7,135,1 month
qr code creater,Informational,n/a,0,1.6K,,n/a,n/a,86,1.66,0.68,4,126,1 month
qr code dino,Informational,n/a,0,1.6K,,n/a,n/a,7,0.85,0.33,Go to a snapshot of the SERP for qr code dino,121,1 month
qr code fabric,Informational | Transactional,n/a,0,1.6K,,n/a,n/a,9,0.00,0.33,Go to a snapshot of the SERP for qr code fabric,124,1 month
qr code for microsoft authenticator,Informational,n/a,0,1.6K,,n/a,n/a,60,0.81,0.03,6,130,1 month
qr code for website,Informational,n/a,0,1.6K,,n/a,n/a,86,2.77,0.28,6,119,1 month
qr code free generator,Commercial,n/a,0,1.6K,,n/a,n/a,99,2.02,0.73,Go to a snapshot of the SERP for qr code free generator,124,1 month
qr code gen,Commercial,n/a,0,1.6K,,n/a,n/a,89,1.55,0.64,4,126,1 month
qr code generater,Commercial,n/a,0,1.6K,,n/a,n/a,97,1.68,0.60,Go to a snapshot of the SERP for qr code generater,135,1 month
qr code generator for google forms,Informational,n/a,0,1.6K,,n/a,n/a,37,1.67,0.21,7,133,1 month
qr code generator free no expiration,Commercial,n/a,0,1.6K,,n/a,n/a,85,1.44,0.77,Go to a snapshot of the SERP for qr code generator free no expiration,123,1 month
qr code line,Informational,n/a,0,1.6K,,n/a,n/a,26,0.00,0.33,Go to a snapshot of the SERP for qr code line,119,1 month
qr code lines,Informational,n/a,0,1.6K,,n/a,n/a,60,0.00,0.33,6,129,1 month
qr code linkedin,Informational,n/a,0,1.6K,,n/a,n/a,27,1.48,0.14,Go to a snapshot of the SERP for qr code linkedin,101,1 month
qr code scanner app for ios,Informational,n/a,0,1.6K,,n/a,n/a,35,0.00,0.33,Go to a snapshot of the SERP for qr code scanner app for ios,143,1 month
qr code scanner kaspersky,Informational,n/a,0,1.6K,,n/a,n/a,31,0.90,0.06,5,179K,1 month
qr code television,Informational,n/a,0,1.6K,,n/a,n/a,18,0.00,0.33,6,99,1 month
qr code to link,Commercial,n/a,0,1.6K,,n/a,n/a,80,1.25,0.14,Go to a snapshot of the SERP for qr code to link,124,1 month
qr code ultra sun ultra moon,Informational,n/a,0,1.6K,,n/a,n/a,27,0.00,0.33,Go to a snapshot of the SERP for qr code ultra sun ultra moon,183,1 month
qr code viewer online,Informational,n/a,0,1.6K,,n/a,n/a,74,0.30,0.02,5,103,1 month
qr code wechat group noty,Informational,n/a,0,1.6K,,n/a,n/a,32,0.00,0.33,Go to a snapshot of the SERP for qr code wechat group noty,98,1 month
qr code with logo,Informational,n/a,0,1.6K,,n/a,n/a,34,2.50,0.84,4,118,1 month
qr example,Informational,n/a,0,1.6K,,n/a,n/a,54,1.13,0.30,Go to a snapshot of the SERP for qr example,127,1 month
qr generator online free,Commercial,n/a,0,1.6K,,n/a,n/a,96,1.56,0.12,Go to a snapshot of the SERP for qr generator online free,129,1 month
qr tag,Informational,n/a,0,1.6K,,n/a,n/a,44,1.23,0.34,6,139,1 month
qr what,Informational,n/a,0,1.6K,,n/a,n/a,65,0.22,0.12,Go to a snapshot of the SERP for qr what,118,1 month
qrc generator,Informational | Commercial,n/a,0,1.6K,,n/a,n/a,98,1.44,0.64,Go to a snapshot of the SERP for qrc generator,133,1 month
quick response code app,Informational,n/a,0,1.6K,,n/a,n/a,74,1.11,0.52,Go to a snapshot of the SERP for quick response code app,481M,1 month
rickroll qr code sticker,Informational,n/a,0,1.6K,,n/a,n/a,17,0.00,0.33,5,158,1 month
scan qr code on laptop,Informational,n/a,0,1.6K,,n/a,n/a,44,0.09,0.02,Go to a snapshot of the SERP for scan qr code on laptop,121,1 month
scan qr codes,Informational,n/a,0,1.6K,,n/a,n/a,79,0.80,0.41,Go to a snapshot of the SERP for scan qr codes,124,1 month
scan the qr code,Informational,n/a,0,1.6K,,n/a,n/a,75,0.80,0.15,Go to a snapshot of the SERP for scan the qr code,124,1 month
scan this qr code with your phone or tablet,Informational,n/a,0,1.6K,,n/a,n/a,50,1.50,0.05,Go to a snapshot of the SERP for scan this qr code with your phone or tablet,154,1 month
scanning a qr code android,Informational,n/a,0,1.6K,,n/a,n/a,57,0.89,0.27,Go to a snapshot of the SERP for scanning a qr code android,146,1 month
snapchat qr code,Informational,n/a,0,1.6K,,n/a,n/a,40,1.94,0.33,Go to a snapshot of the SERP for snapchat qr code,39,1 month
spotify qr code,Informational,n/a,0,1.6K,,n/a,n/a,48,1.19,0.07,6,99,1 month
square scan code,Informational,n/a,0,1.6K,,n/a,n/a,39,1.14,0.33,6,86,1 month
thwo to find microscoft qr code email,Informational,n/a,0,1.6K,,n/a,n/a,43,0.00,0.00,6,151,1 month
tomodachi life qr mii codes,Informational,n/a,0,1.6K,,n/a,n/a,23,0.00,0.33,Go to a snapshot of the SERP for tomodachi life qr mii codes,189,1 month
tạo mã qr,Commercial,n/a,0,1.6K,,n/a,n/a,50,0.54,0.50,Go to a snapshot of the SERP for tạo mã qr,121,1 month
ultra sun moon qr codes,Informational,n/a,0,1.6K,,n/a,n/a,25,0.00,0.33,Go to a snapshot of the SERP for ultra sun moon qr codes,89,1 month
ultra sun pokemon qr codes,Informational,n/a,0,1.6K,,n/a,n/a,26,0.00,0.33,Go to a snapshot of the SERP for ultra sun pokemon qr codes,177,1 month
ultra sun qr codes,Informational,n/a,0,1.6K,,n/a,n/a,28,0.00,0.33,7,149,1 month
ultra sun ultra moon qr codes,Informational,n/a,0,1.6K,,n/a,n/a,24,0.00,0.33,Go to a snapshot of the SERP for ultra sun ultra moon qr codes,171,1 month
url to qr],Commercial,n/a,0,1.6K,,n/a,n/a,90,0.88,0.59,7,123,1 month
web scanner,Informational,n/a,0,1.6K,,n/a,n/a,54,2.79,0.32,Go to a snapshot of the SERP for web scanner,133,1 month
what does qr stand for.,Informational,n/a,0,1.6K,,n/a,n/a,20,0.13,0.04,Go to a snapshot of the SERP for what does qr stand for.,154,1 month
youtube qr code,Informational,n/a,0,1.6K,,n/a,n/a,33,1.07,0.11,Go to a snapshot of the SERP for youtube qr code,97,1 month
3d qr code,Informational,n/a,0,1.3K,,n/a,n/a,6,1.57,0.03,Go to a snapshot of the SERP for 3d qr code,113,1 month
67 emote qr code,Informational,n/a,0,1.3K,,n/a,n/a,23,0.00,0.33,7,100,1 month
adobe express qr code maker,Informational | Navigational,n/a,0,1.3K,,n/a,n/a,38,1.62,0.33,Go to a snapshot of the SERP for adobe express qr code maker,109,1 month
amazon qr code,Informational,n/a,0,1.3K,,n/a,n/a,37,1.10,0.03,Go to a snapshot of the SERP for amazon qr code,170,1 month
any whatsapp qr code,Informational | Transactional,n/a,0,1.3K,,n/a,n/a,33,0.00,0.33,Go to a snapshot of the SERP for any whatsapp qr code,95,1 month
apps that read qr codes,n/a,n/a,0,1.3K,,n/a,n/a,n/a,0.98,0.15,n/a,n/a,Refresh
barcode image scanner,Informational,n/a,0,1.3K,,n/a,n/a,66,0.92,0.54,6,129,1 month
barcode qr code,Informational,n/a,0,1.3K,,n/a,n/a,69,1.13,0.17,Go to a snapshot of the SERP for barcode qr code,135,1 month
barcode reader scanner online,Commercial,n/a,0,1.3K,,n/a,n/a,58,0.86,0.21,5,99,1 month
bitly qr code generator,Transactional,n/a,0,1.3K,,n/a,n/a,46,2.70,0.27,Go to a snapshot of the SERP for bitly qr code generator,96,1 month
california dmv introducing qr codes and anti fraud tech,n/a,n/a,0,1.3K,,n/a,n/a,n/a,0.00,0.33,n/a,n/a,Refresh
camera scan,Informational,n/a,0,1.3K,,n/a,n/a,62,1.27,0.30,Go to a snapshot of the SERP for camera scan,n/a,1 month
canva qr code maker,Transactional | Navigational,n/a,0,1.3K,,n/a,n/a,40,1.95,0.14,Go to a snapshot of the SERP for canva qr code maker,106,1 month
cash app qr code free money,Informational,n/a,0,1.3K,,n/a,n/a,14,0.00,0.33,Go to a snapshot of the SERP for cash app qr code free money,96,1 month
check qr code online,Commercial,n/a,0,1.3K,,n/a,n/a,74,0.66,0.07,5,126,1 month
circle qr code generator,Commercial,n/a,0,1.3K,,n/a,n/a,80,1.63,0.06,Go to a snapshot of the SERP for circle qr code generator,86,1 month
clash qr codes,Informational | Transactional,n/a,0,1.3K,,n/a,n/a,34,0.00,0.33,Go to a snapshot of the SERP for clash qr codes,106,1 month
clash royale qr codes 2025,Informational,n/a,0,1.3K,,n/a,n/a,43,0.00,0.33,6,105,1 month
code qr 3ds,Informational,n/a,0,1.3K,,n/a,n/a,42,0.00,0.33,Go to a snapshot of the SERP for code qr 3ds,116,1 month
create a qr code for a website,Informational,n/a,0,1.3K,,n/a,n/a,89,3.89,0.35,Go to a snapshot of the SERP for create a qr code for a website,169,1 month
create a qr code for free,Informational,n/a,0,1.3K,,n/a,n/a,94,2.02,0.73,Go to a snapshot of the SERP for create a qr code for free,172,1 month
create qr code google,Informational,n/a,0,1.3K,,n/a,n/a,56,1.60,0.64,Go to a snapshot of the SERP for create qr code google,107,1 month
create qr code with logo,Commercial,n/a,0,1.3K,,n/a,n/a,48,2.67,0.52,8,175,1 month
create qr codes,Informational,n/a,0,1.3K,,n/a,n/a,93,2.77,0.74,6,125,1 month
create wifi qr code,Informational,n/a,0,1.3K,,n/a,n/a,36,0.83,0.44,Go to a snapshot of the SERP for create wifi qr code,115,1 month
creating qr codes,Informational,n/a,0,1.3K,,n/a,n/a,92,2.77,0.74,8,118,1 month
decode qr code,Commercial,n/a,0,1.3K,,n/a,n/a,34,0.85,0.03,4,97,1 month
diy qr code,Informational,n/a,0,1.3K,,n/a,n/a,99,1.99,0.03,6,102,1 month
do qr codes expire,Informational,n/a,0,1.3K,,n/a,n/a,15,2.23,0.18,Go to a snapshot of the SERP for do qr codes expire,121,1 month
dqrcode,Informational,n/a,0,1.3K,,n/a,n/a,100,1.24,0.35,4,3.4K,1 month
dragon ball legends qr code generator,Informational,n/a,0,1.3K,,n/a,n/a,9,0.00,0.33,Go to a snapshot of the SERP for dragon ball legends qr code generator,16,1 month
dragon ball legends qr codes,Informational,n/a,0,1.3K,,n/a,n/a,27,0.00,0.33,Go to a snapshot of the SERP for dragon ball legends qr codes,99,1 month
ds qr codes,Informational,n/a,0,1.3K,,n/a,n/a,37,0.00,0.33,Go to a snapshot of the SERP for ds qr codes,159,1 month
dunsparce qr code,Informational,n/a,0,1.3K,,n/a,n/a,25,0.00,0.33,Go to a snapshot of the SERP for dunsparce qr code,19.5K,1 month
esim qr code,Informational,n/a,0,1.3K,,n/a,n/a,51,6.28,0.40,Go to a snapshot of the SERP for esim qr code,120,1 month
ex qr code,n/a,n/a,0,1.3K,,n/a,n/a,n/a,0.00,0.33,n/a,n/a,Refresh
example of qr codes,Informational,n/a,0,1.3K,,n/a,n/a,31,1.13,0.30,Go to a snapshot of the SERP for example of qr codes,130,1 month
fahlo qr code,Informational,n/a,0,1.3K,,n/a,n/a,26,1.91,0.33,5,92,1 month
fahlo qr codes,Informational,n/a,0,1.3K,,n/a,n/a,26,1.40,0.01,Go to a snapshot of the SERP for fahlo qr codes,102,1 month
flowcode qr,Navigational,n/a,0,1.3K,,n/a,n/a,35,2.25,0.03,Go to a snapshot of the SERP for flowcode qr,106,1 month
free qr code scanners,Informational,n/a,0,1.3K,,n/a,n/a,67,0.89,0.55,6,190,1 month
free qr codes that don't expire,Informational,n/a,0,1.3K,,n/a,n/a,35,1.82,0.80,Go to a snapshot of the SERP for free qr codes that don't expire,416K,1 month
free qr reader,Informational,n/a,0,1.3K,,n/a,n/a,80,0.93,0.50,Go to a snapshot of the SERP for free qr reader,17.3K,1 month
free qrcode maker,Informational,n/a,0,1.3K,,n/a,n/a,92,2.02,0.73,4,127,1 month
generar qr,Commercial,n/a,0,1.3K,,n/a,n/a,83,0.60,0.51,Go to a snapshot of the SERP for generar qr,138,1 month
generate a qr code for a website,Informational,n/a,0,1.3K,,n/a,n/a,90,3.89,0.35,Go to a snapshot of the SERP for generate a qr code for a website,174,1 month
generate free qr code,Commercial,n/a,0,1.3K,,n/a,n/a,94,2.02,0.73,Go to a snapshot of the SERP for generate free qr code,128,1 month
generate qr code for visiting card,Informational,n/a,0,1.3K,,n/a,n/a,37,4.49,0.63,6,171,1 month
generate qr code for website,Informational,n/a,0,1.3K,,n/a,n/a,87,3.89,0.35,Go to a snapshot of the SERP for generate qr code for website,171,1 month
generate qr code for wifi,Informational,n/a,0,1.3K,,n/a,n/a,31,0.83,0.44,Go to a snapshot of the SERP for generate qr code for wifi,158,1 month
google create qr code,Informational,n/a,0,1.3K,,n/a,n/a,50,1.67,0.57,7,105,1 month
google forms qr code,Informational,n/a,0,1.3K,,n/a,n/a,37,1.54,0.58,6,78,1 month
google qr code,Informational,n/a,0,1.3K,,n/a,n/a,47,1.33,0.48,5,105,1 month
google qr scanner,Informational,n/a,0,1.3K,,n/a,n/a,68,0.73,0.32,Go to a snapshot of the SERP for google qr scanner,92,1 month
hovercode,Navigational,n/a,0,1.3K,,n/a,n/a,31,3.52,0.16,5,n/a,1 month
how can i scan a qr code,Informational,n/a,0,1.3K,,n/a,n/a,77,0.55,0.53,Go to a snapshot of the SERP for how can i scan a qr code,158,1 month
how do i scan a barcode,Informational,n/a,0,1.3K,,n/a,n/a,54,0.74,0.53,7,184,1 month
how do i scan a qr code android,Informational,n/a,0,1.3K,,n/a,n/a,48,0.73,0.45,Go to a snapshot of the SERP for how do i scan a qr code android,132,1 month
how do you scan a code,Informational,n/a,0,1.3K,,n/a,n/a,69,0.59,0.59,Go to a snapshot of the SERP for how do you scan a code,195,1 month
how do you use a qr code,Informational,n/a,0,1.3K,,n/a,n/a,70,0.26,0.50,Go to a snapshot of the SERP for how do you use a qr code,186,1 month
how scan qr code,Informational,n/a,0,1.3K,,n/a,n/a,70,0.55,0.53,Go to a snapshot of the SERP for how scan qr code,102,1 month
how to create a free qr code,Informational,n/a,0,1.3K,,n/a,n/a,97,2.28,0.72,10,177,1 month
how to create a qr barcode free,Informational,n/a,0,1.3K,,n/a,n/a,88,2.28,0.72,Go to a snapshot of the SERP for how to create a qr barcode free,167,1 month
how to create a qr code for a google form,Informational,n/a,0,1.3K,,n/a,n/a,32,2.10,0.68,Go to a snapshot of the SERP for how to create a qr code for a google form,121,1 month
how to create a qr code for free,Informational,n/a,0,1.3K,,n/a,n/a,97,2.28,0.72,Go to a snapshot of the SERP for how to create a qr code for free,171,1 month
how to create qr codes,Informational,n/a,0,1.3K,,n/a,n/a,96,2.26,0.68,Go to a snapshot of the SERP for how to create qr codes,164,1 month
how to scan qr code from photos,Informational,n/a,0,1.3K,,n/a,n/a,62,0.76,0.25,8,152,1 month
how to scan qr code from screenshot,Informational,n/a,0,1.3K,,n/a,n/a,38,0.82,0.24,9,134,1 month
how to scan qr on android,Informational,n/a,0,1.3K,,n/a,n/a,48,0.68,0.44,8,129,1 month
ibis paint brushes qr code,Informational,n/a,0,1.3K,,n/a,n/a,25,0.00,0.33,Go to a snapshot of the SERP for ibis paint brushes qr code,108,1 month
iq scanner,Commercial,n/a,0,1.3K,,n/a,n/a,73,1.13,0.33,6,202,1 month
ixl qr code,Navigational,n/a,0,1.3K,,n/a,n/a,30,2.20,0.01,Go to a snapshot of the SERP for ixl qr code,108,1 month
japan qr code,Informational,n/a,0,1.3K,,n/a,n/a,45,1.58,0.02,Go to a snapshot of the SERP for japan qr code,108,1 month
kode qr,Informational,n/a,0,1.3K,,n/a,n/a,76,0.00,0.02,Go to a snapshot of the SERP for kode qr,134,1 month
lecture qr code,Informational,n/a,0,1.3K,,n/a,n/a,51,0.00,0.33,Go to a snapshot of the SERP for lecture qr code,128,1 month
led qr,Informational,n/a,0,1.3K,,n/a,n/a,27,0.00,0.33,9,206,1 month
link codigo qr,Informational,n/a,0,1.3K,,n/a,n/a,83,0.81,0.59,Go to a snapshot of the SERP for link codigo qr,125,1 month
make qr code for website,Informational,n/a,0,1.3K,,n/a,n/a,79,3.89,0.35,7,173,1 month
make your barcode,Commercial,n/a,0,1.3K,,n/a,n/a,61,1.42,0.32,Go to a snapshot of the SERP for make your barcode,123,1 month
making a qr code,Informational,n/a,0,1.3K,,n/a,n/a,91,2.30,0.71,Go to a snapshot of the SERP for making a qr code,126,1 month
metro esim qr code,Informational,n/a,0,1.3K,,n/a,n/a,28,5.45,0.01,6,100,1 month
micro qr code,Informational,n/a,0,1.3K,,n/a,n/a,22,1.84,0.01,Go to a snapshot of the SERP for micro qr code,65,1 month
mii qr codes tomodachi life,Informational,n/a,0,1.3K,,n/a,n/a,23,0.00,0.33,Go to a snapshot of the SERP for mii qr codes tomodachi life,135,1 month
minecraft qr code easter egg,Informational,n/a,0,1.3K,,n/a,n/a,28,0.00,0.33,Go to a snapshot of the SERP for minecraft qr code easter egg,110,1 month
monkey qr,Informational,n/a,0,1.3K,,n/a,n/a,40,0.35,0.20,Go to a snapshot of the SERP for monkey qr,114,1 month
monkey qr code generator,Commercial,n/a,0,1.3K,,n/a,n/a,73,0.45,0.28,Go to a snapshot of the SERP for monkey qr code generator,118,1 month
name card qr code generator,Informational,n/a,0,1.3K,,n/a,n/a,55,4.49,0.63,Go to a snapshot of the SERP for name card qr code generator,182,1 month
online barcode scanner,Commercial,n/a,0,1.3K,,n/a,n/a,65,0.77,0.21,4,117,1 month
online scanner,Commercial,n/a,0,1.3K,,n/a,n/a,80,1.41,0.10,3,108,1 month
orange qr code,Informational,n/a,0,1.3K,,n/a,n/a,17,3.53,0.33,Go to a snapshot of the SERP for orange qr code,9,1 month
oysiyl qr code,Navigational,n/a,0,1.3K,,n/a,n/a,28,0.00,0.01,Go to a snapshot of the SERP for oysiyl qr code,102,1 month
pksm qr code install,Informational,n/a,0,1.3K,,n/a,n/a,23,0.00,0.33,4,106,1 month
pokemon sun ultra qr codes,Informational,n/a,0,1.3K,,n/a,n/a,25,0.00,0.33,Go to a snapshot of the SERP for pokemon sun ultra qr codes,182,1 month
print qr code,Informational,n/a,0,1.3K,,n/a,n/a,96,2.05,0.04,Go to a snapshot of the SERP for print qr code,128,1 month
qode qr,Commercial,n/a,0,1.3K,,n/a,n/a,79,0.00,0.02,Go to a snapshot of the SERP for qode qr,123,1 month
qr barcode maker,Informational,n/a,0,1.3K,,n/a,n/a,62,1.68,0.60,Go to a snapshot of the SERP for qr barcode maker,203,1 month
qr barcode reader for pc,Informational | Commercial,n/a,0,1.3K,,n/a,n/a,49,0.22,0.11,Go to a snapshot of the SERP for qr barcode reader for pc,163,1 month
qr builder,Commercial,n/a,0,1.3K,,n/a,n/a,90,1.68,0.60,Go to a snapshot of the SERP for qr builder,132,1 month
qr code business cards,Commercial,n/a,0,1.3K,,n/a,n/a,37,3.32,1.00,8,188,1 month
qr code create,Commercial,n/a,0,1.3K,,n/a,n/a,88,1.47,0.69,4,126,1 month
qr code de instagram,Informational,n/a,0,1.3K,,n/a,n/a,34,0.00,0.33,5,106,1 month
qr code dots,Informational,n/a,0,1.3K,,n/a,n/a,88,2.53,0.33,Go to a snapshot of the SERP for qr code dots,130,1 month
qr code ds,Informational,n/a,0,1.3K,,n/a,n/a,38,0.00,0.33,Go to a snapshot of the SERP for qr code ds,172,1 month
qr code for business card,Informational,n/a,0,1.3K,,n/a,n/a,48,3.34,1.00,Go to a snapshot of the SERP for qr code for business card,157,1 month
qr code for camera,Informational,n/a,0,1.3K,,n/a,n/a,78,1.35,0.33,Go to a snapshot of the SERP for qr code for camera,177,1 month
qr code from photo,Informational,n/a,0,1.3K,,n/a,n/a,43,1.03,0.07,Go to a snapshot of the SERP for qr code from photo,126,1 month
qr code generator dynamisch,Informational,n/a,0,1.3K,,n/a,n/a,87,6.59,0.29,7,128,1 month
qr code generator website,Commercial,n/a,0,1.3K,,n/a,n/a,90,3.89,0.35,Go to a snapshot of the SERP for qr code generator website,130,1 month
qr code generators,Informational,n/a,0,1.3K,,n/a,n/a,92,1.44,0.64,Go to a snapshot of the SERP for qr code generators,125,1 month
qr code genrator,Informational,n/a,0,1.3K,,n/a,n/a,94,1.55,0.64,7,127,1 month
qr code htc,Informational,n/a,0,1.3K,,n/a,n/a,19,0.00,0.33,Go to a snapshot of the SERP for qr code htc,109,1 month
qr code maker google,Informational,n/a,0,1.3K,,n/a,n/a,70,1.67,0.57,Go to a snapshot of the SERP for qr code maker google,102,1 month
qr code pokemon ultra sun,Informational,n/a,0,1.3K,,n/a,n/a,26,0.00,0.33,Go to a snapshot of the SERP for qr code pokemon ultra sun,144,1 month
qr code read,Informational,n/a,0,1.3K,,n/a,n/a,72,0.84,0.01,Go to a snapshot of the SERP for qr code read,123,1 month
qr code rickroll,Informational,n/a,0,1.3K,,n/a,n/a,29,0.53,0.05,6,108,1 month
qr code rose,Informational,n/a,0,1.3K,,n/a,n/a,15,0.00,0.33,6,115,1 month
qr code scanner app android,Informational,n/a,0,1.3K,,n/a,n/a,52,0.79,0.33,6,141,1 month
qr code scanner app iphone,Informational,n/a,0,1.3K,,n/a,n/a,54,1.02,0.01,Go to a snapshot of the SERP for qr code scanner app iphone,140,1 month
qr code scanner for pc,Informational | Commercial,n/a,0,1.3K,,n/a,n/a,57,0.22,0.11,Go to a snapshot of the SERP for qr code scanner for pc,142,1 month
qr code scanner free,Informational,n/a,0,1.3K,,n/a,n/a,67,0.86,0.51,6,127,1 month
qr code test,Informational,n/a,0,1.3K,,n/a,n/a,53,0.98,0.04,Go to a snapshot of the SERP for qr code test,124,1 month
qr code what does qr stand for,Informational,n/a,0,1.3K,,n/a,n/a,33,0.13,0.04,Go to a snapshot of the SERP for qr code what does qr stand for,156,1 month
qr code with dinosaur,Informational,n/a,0,1.3K,,n/a,n/a,4,1.22,0.33,Go to a snapshot of the SERP for qr code with dinosaur,108,1 month
qr codes for clash royale,Informational,n/a,0,1.3K,,n/a,n/a,32,0.00,0.33,5,134,1 month
qr definition,Informational,n/a,0,1.3K,,n/a,n/a,67,0.20,0.02,Go to a snapshot of the SERP for qr definition,119,1 month
qr image reader,Informational,n/a,0,1.3K,,n/a,n/a,36,0.75,0.19,Go to a snapshot of the SERP for qr image reader,125,1 month
qr link generator,Commercial,n/a,0,1.3K,,n/a,n/a,86,1.40,0.13,4,129,1 month
qr me,Navigational,n/a,0,1.3K,,n/a,n/a,61,1.10,0.50,Go to a snapshot of the SERP for qr me,129,1 month
qr meaning,Informational,n/a,0,1.3K,,n/a,n/a,66,0.27,0.01,6,127,1 month
qr monkey generator,Navigational,n/a,0,1.3K,,n/a,n/a,69,0.45,0.28,Go to a snapshot of the SERP for qr monkey generator,8,1 month
qr png,Informational,n/a,0,1.3K,,n/a,n/a,35,2.09,0.09,Go to a snapshot of the SERP for qr png,107,1 month
qr qr,Informational,n/a,0,1.3K,,n/a,n/a,68,0.90,0.30,Go to a snapshot of the SERP for qr qr,137,1 month
qr test online,Informational,n/a,0,1.3K,,n/a,n/a,53,0.25,0.01,Go to a snapshot of the SERP for qr test online,106,1 month
qr to link,Informational,n/a,0,1.3K,,n/a,n/a,62,1.05,0.66,4,130,1 month
qr writer,Commercial,n/a,0,1.3K,,n/a,n/a,99,1.28,0.66,8,161,1 month
qrcode reading,Informational,n/a,0,1.3K,,n/a,n/a,82,0.84,0.01,4,127,1 month
qrコード,Informational,n/a,0,1.3K,,n/a,n/a,65,0.80,0.10,Go to a snapshot of the SERP for qrコード,137,1 month
rick roll qr code sticker,Informational,n/a,0,1.3K,,n/a,n/a,21,0.21,0.09,Go to a snapshot of the SERP for rick roll qr code sticker,166,1 month
round qr code,Informational,n/a,0,1.3K,,n/a,n/a,35,1.49,0.17,7,81,1 month
scan picture,Informational,n/a,0,1.3K,,n/a,n/a,55,0.98,0.96,6,123,1 month
scan qr code or go to yt.be/activate,n/a,n/a,0,1.3K,,n/a,n/a,n/a,0.00,0.33,n/a,n/a,Refresh
scanner online,Commercial,n/a,0,1.3K,,n/a,n/a,70,1.12,0.17,4,103,1 month
shiny latias qr code,Informational,n/a,0,1.3K,,n/a,n/a,24,0.00,0.33,Go to a snapshot of the SERP for shiny latias qr code,61.9K,1 month
shopify qr code generator,Transactional | Navigational,n/a,0,1.3K,,n/a,n/a,42,3.11,0.10,5,103,1 month
spanish inquisition qr code,Informational,n/a,0,1.3K,,n/a,n/a,21,0.00,0.33,Go to a snapshot of the SERP for spanish inquisition qr code,33K,1 month
static qr code generator,Informational,n/a,0,1.3K,,n/a,n/a,91,1.55,0.62,Go to a snapshot of the SERP for static qr code generator,20,1 month
steam qr code,Informational,n/a,0,1.3K,,n/a,n/a,49,0.00,0.33,Go to a snapshot of the SERP for steam qr code,107,1 month
t-mobile esim qr code,Informational,n/a,0,1.3K,,n/a,n/a,40,1.73,0.02,Go to a snapshot of the SERP for t-mobile esim qr code,100,1 month
tmobile qr code,Informational,n/a,0,1.3K,,n/a,n/a,43,0.90,0.33,Go to a snapshot of the SERP for tmobile qr code,53,1 month
tomdachi life qr codes,Informational,n/a,0,1.3K,,n/a,n/a,23,0.00,0.33,Go to a snapshot of the SERP for tomdachi life qr codes,116,1 month
tomodachi life mii qr codes,Informational,n/a,0,1.3K,,n/a,n/a,23,0.00,0.33,Go to a snapshot of the SERP for tomodachi life mii qr codes,190,1 month
url generator,Commercial,n/a,0,1.3K,,n/a,n/a,100,1.87,0.25,Go to a snapshot of the SERP for url generator,132,1 month
vcard qr code,Informational,n/a,0,1.3K,,n/a,n/a,33,2.78,0.53,8,113,1 month
visit japan qr code,Informational,n/a,0,1.3K,,n/a,n/a,40,1.03,0.05,Go to a snapshot of the SERP for visit japan qr code,107,1 month
wedding qr code for photos,Informational,n/a,0,1.3K,,n/a,n/a,19,2.16,1.00,Go to a snapshot of the SERP for wedding qr code for photos,168,1 month
whatsapp qr code,Informational | Navigational,n/a,0,1.3K,,n/a,n/a,23,1.24,0.08,Go to a snapshot of the SERP for whatsapp qr code,85,1 month
wix qr code generator,Transactional | Navigational,n/a,0,1.3K,,n/a,n/a,27,2.51,0.11,3,107,1 month
yo kai watch 5 star coin qr codes,Informational | Transactional,n/a,0,1.3K,,n/a,n/a,22,0.00,0.33,Go to a snapshot of the SERP for yo kai watch 5 star coin qr codes,146,1 month
3ds minecraft qr code,Informational,n/a,0,1.0K,,n/a,n/a,7,0.00,0.33,5,134,1 month
67 qr code clash royale,Informational,n/a,0,1.0K,,n/a,n/a,28,0.00,0.33,8,116,1 month
adobe qr generator,Transactional | Navigational,n/a,0,1.0K,,n/a,n/a,43,2.13,0.04,Go to a snapshot of the SERP for adobe qr generator,n/a,1 month
app qr code,Informational,n/a,0,1.0K,,n/a,n/a,51,1.11,0.52,Go to a snapshot of the SERP for app qr code,161,1 month
apple pay qr code,Informational,n/a,0,1.0K,,n/a,n/a,30,5.32,0.09,Go to a snapshot of the SERP for apple pay qr code,107,1 month
application qr code generator,Informational,n/a,0,1.0K,,n/a,n/a,80,2.04,0.13,Go to a snapshot of the SERP for application qr code generator,136,1 month
ash qr code,Informational,n/a,0,1.0K,,n/a,n/a,19,0.00,0.33,Go to a snapshot of the SERP for ash qr code,98,1 month
barcode and qr,Informational,n/a,0,1.0K,,n/a,n/a,40,1.13,0.17,Go to a snapshot of the SERP for barcode and qr,126,1 month
barcode reading,Informational,n/a,0,1.0K,,n/a,n/a,69,0.96,0.53,Go to a snapshot of the SERP for barcode reading,65,1 month
bighit audition qr code,Informational,n/a,0,1.0K,,n/a,n/a,32,0.00,0.33,7,65K,1 month
bitcoin qr code,Informational,n/a,0,1.0K,,n/a,n/a,56,2.65,0.05,6,121,1 month
breloom qr code,Informational,n/a,0,1.0K,,n/a,n/a,24,0.00,0.33,Go to a snapshot of the SERP for breloom qr code,52.6K,1 month
can you draw a qr code,Informational,n/a,0,1.0K,,n/a,n/a,24,1.46,0.33,Go to a snapshot of the SERP for can you draw a qr code,123,1 month
cash app qr code,Informational,n/a,0,1.0K,,n/a,n/a,17,1.65,0.08,Go to a snapshot of the SERP for cash app qr code,90,1 month
chrome qr code generator,Informational,n/a,0,1.0K,,n/a,n/a,41,1.71,0.11,4,116,1 month
circular qr code,Informational,n/a,0,1.0K,,n/a,n/a,35,1.83,0.22,Go to a snapshot of the SERP for circular qr code,80,1 month
clash royale emote qr codes,Informational | Transactional,n/a,0,1.0K,,n/a,n/a,27,0.00,0.33,6,103,1 month
clash royale emotes qr code,Informational,n/a,0,1.0K,,n/a,n/a,29,0.00,0.33,Go to a snapshot of the SERP for clash royale emotes qr code,105,1 month
clash royale qr code,Informational,n/a,0,1.0K,,n/a,n/a,33,0.00,0.33,Go to a snapshot of the SERP for clash royale qr code,96,1 month
codigo qr con logo,Informational,n/a,0,1.0K,,n/a,n/a,55,0.00,0.33,6,121,1 month
codigos qr,Informational,n/a,0,1.0K,,n/a,n/a,82,0.82,0.29,Go to a snapshot of the SERP for codigos qr,135,1 month
crear qr,Informational,n/a,0,1.0K,,n/a,n/a,69,0.66,0.57,5,130,1 month
creat qr code,Commercial,n/a,0,1.0K,,n/a,n/a,92,2.16,0.73,Go to a snapshot of the SERP for creat qr code,128,1 month
create a qr code for a link,Informational,n/a,0,1.0K,,n/a,n/a,88,3.06,0.73,Go to a snapshot of the SERP for create a qr code for a link,168,1 month
create free qr code generator,Commercial,n/a,0,1.0K,,n/a,n/a,92,2.02,0.73,Go to a snapshot of the SERP for create free qr code generator,157,1 month
create qr code for link,Informational,n/a,0,1.0K,,n/a,n/a,93,3.06,0.73,Go to a snapshot of the SERP for create qr code for link,170,1 month
create qr code for pdf,Informational | Commercial,n/a,0,1.0K,,n/a,n/a,38,2.57,0.52,Go to a snapshot of the SERP for create qr code for pdf,158,1 month
create qr code in canva,Informational,n/a,0,1.0K,,n/a,n/a,36,1.92,0.54,Go to a snapshot of the SERP for create qr code in canva,136,1 month
create qr code online free,Commercial,n/a,0,1.0K,,n/a,n/a,90,1.50,0.15,6,162,1 month
create scan code,Informational,n/a,0,1.0K,,n/a,n/a,93,2.80,0.74,Go to a snapshot of the SERP for create scan code,122,1 month
create your own qr code,Informational,n/a,0,1.0K,,n/a,n/a,94,2.13,0.66,7,168,1 month
código qr,Informational,n/a,0,1.0K,,n/a,n/a,73,0.82,0.29,Go to a snapshot of the SERP for código qr,60,1 month
dino qr code,Informational,n/a,0,1.0K,,n/a,n/a,17,0.00,0.33,7,116,1 month
dynamic qr codes,Informational | Commercial,n/a,0,1.0K,,n/a,n/a,38,8.15,0.35,Go to a snapshot of the SERP for dynamic qr codes,127,1 month
facebook qr code generator,Informational,n/a,0,1.0K,,n/a,n/a,27,2.23,0.17,Go to a snapshot of the SERP for facebook qr code generator,89,1 month
fb qr code,Informational,n/a,0,1.0K,,n/a,n/a,43,1.81,0.35,Go to a snapshot of the SERP for fb qr code,102,1 month
free create qr code,Informational | Commercial,n/a,0,1.0K,,n/a,n/a,95,2.02,0.73,Go to a snapshot of the SERP for free create qr code,126,1 month
free online qr code maker,Commercial,n/a,0,1.0K,,n/a,n/a,92,2.00,0.78,Go to a snapshot of the SERP for free online qr code maker,157,1 month
free qr codes maker,Commercial,n/a,0,1.0K,,n/a,n/a,92,2.02,0.73,Go to a snapshot of the SERP for free qr codes maker,19,1 month
generar codigo qr,Informational,n/a,0,1.0K,,n/a,n/a,62,0.89,0.29,4,114,1 month
google qr code maker,Informational,n/a,0,1.0K,,n/a,n/a,75,1.67,0.57,Go to a snapshot of the SERP for google qr code maker,105,1 month
google qr code scanner,Informational,n/a,0,1.0K,,n/a,n/a,74,0.73,0.32,Go to a snapshot of the SERP for google qr code scanner,173,1 month
group wechat melayu qr code,Informational,n/a,0,1.0K,,n/a,n/a,25,0.00,0.33,5,140,1 month
hello neighbour qr code,Informational,n/a,0,1.0K,,n/a,n/a,25,0.00,0.33,8,107,1 month
how can i create a qr code,Informational,n/a,0,1.0K,,n/a,n/a,87,2.40,0.64,Go to a snapshot of the SERP for how can i create a qr code,165,1 month
how do i create qr codes,Informational,n/a,0,1.0K,,n/a,n/a,87,2.61,0.69,Go to a snapshot of the SERP for how do i create qr codes,159,1 month
how do i scan a code,Informational,n/a,0,1.0K,,n/a,n/a,56,0.55,0.57,7,192,1 month
how do i scan a qr code on my phone,Informational,n/a,0,1.0K,,n/a,n/a,41,0.79,0.49,9,142,1 month
how do i scan a qr code with my iphone,Informational,n/a,0,1.0K,,n/a,n/a,39,0.64,0.47,Go to a snapshot of the SERP for how do i scan a qr code with my iphone,115,1 month
how to create qr code for website,Informational,n/a,0,1.0K,,n/a,n/a,84,4.02,0.70,Go to a snapshot of the SERP for how to create qr code for website,177,1 month
how to generate qr code for website,Informational,n/a,0,1.0K,,n/a,n/a,85,4.02,0.70,Go to a snapshot of the SERP for how to generate qr code for website,181,1 month
how to make a link a qr code,Informational,n/a,0,1.0K,,n/a,n/a,81,2.95,0.69,7,167,1 month
how to make qr code on canva,Informational,n/a,0,1.0K,,n/a,n/a,36,1.54,0.54,Go to a snapshot of the SERP for how to make qr code on canva,142,1 month
how to scan a qr code from a screenshot,Informational,n/a,0,1.0K,,n/a,n/a,35,0.79,0.31,Go to a snapshot of the SERP for how to scan a qr code from a screenshot,17,1 month
how to scan qr code on iphone screen,Informational,n/a,0,1.0K,,n/a,n/a,38,0.78,0.15,Go to a snapshot of the SERP for how to scan qr code on iphone screen,132,1 month
how to scan qr code on macbook,Informational,n/a,0,1.0K,,n/a,n/a,17,0.73,0.01,Go to a snapshot of the SERP for how to scan qr code on macbook,116,1 month
image of scan,Informational,n/a,0,1.0K,,n/a,n/a,46,1.22,0.36,Go to a snapshot of the SERP for image of scan,134,1 month
japan customs qr code,Informational,n/a,0,1.0K,,n/a,n/a,37,1.36,0.05,Go to a snapshot of the SERP for japan customs qr code,108,1 month
japan immigration qr code,Informational,n/a,0,1.0K,,n/a,n/a,36,1.28,0.06,Go to a snapshot of the SERP for japan immigration qr code,108,1 month
japanese qr codes,Informational,n/a,0,1.0K,,n/a,n/a,34,0.71,0.01,7,130,1 month
kod qr,Informational,n/a,0,1.0K,,n/a,n/a,100,1.01,0.12,Go to a snapshot of the SERP for kod qr,135,1 month
link a qr,Informational,n/a,0,1.0K,,n/a,n/a,87,0.70,0.71,Go to a snapshot of the SERP for link a qr,122,1 month
make a link a qr code,Commercial,n/a,0,1.0K,,n/a,n/a,92,2.73,0.74,7,162,1 month
make a qr code online free,Commercial,n/a,0,1.0K,,n/a,n/a,93,2.00,0.78,Go to a snapshot of the SERP for make a qr code online free,167,1 month
make qr code free online,Commercial,n/a,0,1.0K,,n/a,n/a,91,2.00,0.78,6,174,1 month
make your own qr code,Informational,n/a,0,1.0K,,n/a,n/a,82,2.41,0.66,Go to a snapshot of the SERP for make your own qr code,166,1 month
monster hunter stories stim qr code,Informational,n/a,0,1.0K,,n/a,n/a,22,0.00,0.33,7,104,1 month
olive garden discount qr code,Transactional,n/a,0,1.0K,,n/a,n/a,33,0.23,0.01,Go to a snapshot of the SERP for olive garden discount qr code,89,1 month
omega ruby pokemon qr codes,Informational,n/a,0,1.0K,,n/a,n/a,23,0.00,0.33,Go to a snapshot of the SERP for omega ruby pokemon qr codes,45,1 month
online qr reader,Informational,n/a,0,1.0K,,n/a,n/a,74,0.66,0.07,Go to a snapshot of the SERP for online qr reader,112,1 month
opencv qr code,Informational,n/a,0,1.0K,,n/a,n/a,24,0.00,0.33,5,122,1 month
pink coin qr codes yo kai watch 2,Informational,n/a,0,1.0K,,n/a,n/a,24,0.00,0.33,4,99,1 month
pink qr code,Informational,n/a,0,1.0K,,n/a,n/a,20,1.74,0.01,Go to a snapshot of the SERP for pink qr code,117,1 month
pokemon moon codes qr,Informational,n/a,0,1.0K,,n/a,n/a,24,0.00,0.33,6,131,1 month
pokemon sun and moon pokemon qr codes,Informational,n/a,0,1.0K,,n/a,n/a,23,0.00,0.33,Go to a snapshot of the SERP for pokemon sun and moon pokemon qr codes,146,1 month
pokemon sun and moon qr codes,Informational,n/a,0,1.0K,,n/a,n/a,24,0.00,0.33,Go to a snapshot of the SERP for pokemon sun and moon qr codes,123,1 month
qr & barcode scanner,Informational,n/a,0,1.0K,,n/a,n/a,65,0.93,0.23,Go to a snapshot of the SERP for qr & barcode scanner,202,1 month
qr barcode scanner,Commercial,n/a,0,1.0K,,n/a,n/a,79,0.93,0.59,Go to a snapshot of the SERP for qr barcode scanner,207,1 month
qr code by google,Informational,n/a,0,1.0K,,n/a,n/a,60,1.33,0.48,6,103,1 month
qr code camera,Informational,n/a,0,1.0K,,n/a,n/a,79,0.62,0.04,6,125,1 month
qr code color background,Informational,n/a,0,1.0K,,n/a,n/a,23,0.00,0.33,6,128,1 month
qr code creation,Informational,n/a,0,1.0K,,n/a,n/a,94,1.66,0.68,Go to a snapshot of the SERP for qr code creation,130,1 month
qr code crossword,Informational,n/a,0,1.0K,,n/a,n/a,12,0.00,0.33,4,108,1 month
qr code easter egg,Informational,n/a,0,1.0K,,n/a,n/a,17,0.00,0.33,Go to a snapshot of the SERP for qr code easter egg,112,1 month
qr code examples,Informational,n/a,0,1.0K,,n/a,n/a,30,1.13,0.30,Go to a snapshot of the SERP for qr code examples,127,1 month
qr code for 67 emote,n/a,n/a,0,1.0K,,n/a,n/a,n/a,0.00,0.33,n/a,n/a,Refresh
qr code for website address,Informational,n/a,0,1.0K,,n/a,n/a,89,0.88,0.59,6,123,1 month
qr code from image,Informational,n/a,0,1.0K,,n/a,n/a,34,1.41,0.46,Go to a snapshot of the SERP for qr code from image,124,1 month
qr code generate,Commercial,n/a,0,1.0K,,n/a,n/a,94,1.68,0.60,Go to a snapshot of the SERP for qr code generate,130,1 month
qr code generator monkey,Informational,n/a,0,1.0K,,n/a,n/a,49,0.45,0.28,Go to a snapshot of the SERP for qr code generator monkey,116,1 month
qr code github,Transactional | Navigational,n/a,0,1.0K,,n/a,n/a,52,1.38,0.33,5,108,1 month
qr code grey,Informational,n/a,0,1.0K,,n/a,n/a,22,0.00,0.33,6,159M,1 month
qr code in hello neighbor,Informational,n/a,0,1.0K,,n/a,n/a,23,0.00,0.33,Go to a snapshot of the SERP for qr code in hello neighbor,129,1 month
qr code mein,Navigational,n/a,0,1.0K,,n/a,n/a,76,1.10,0.50,Go to a snapshot of the SERP for qr code mein,134,1 month
qr code menu,Informational,n/a,0,1.0K,,n/a,n/a,25,3.11,0.73,7,124,1 month
qr code not scanning,Informational,n/a,0,1.0K,,n/a,n/a,26,1.27,0.03,Go to a snapshot of the SERP for qr code not scanning,116,1 month
qr code patch,Informational,n/a,0,1.0K,,n/a,n/a,19,0.81,0.01,Go to a snapshot of the SERP for qr code patch,132,1 month
qr code pcb,Informational,n/a,0,1.0K,,n/a,n/a,5,0.00,0.33,6,124,1 month
qr code picture scanner,Informational,n/a,0,1.0K,,n/a,n/a,51,0.62,0.11,6,184,1 month
qr code playstation,Informational,n/a,0,1.0K,,n/a,n/a,24,1.27,0.33,6,165,1 month
qr code png sample,Informational,n/a,0,1.0K,,n/a,n/a,32,0.00,0.33,5,116,1 month
qr code pokemon in sun and moon,Informational,n/a,0,1.0K,,n/a,n/a,27,0.00,0.33,7,138,1 month
qr code scan free,Commercial,n/a,0,1.0K,,n/a,n/a,56,0.93,0.50,Go to a snapshot of the SERP for qr code scan free,127,1 month
qr code sign,Informational,n/a,0,1.0K,,n/a,n/a,21,1.48,1.00,Go to a snapshot of the SERP for qr code sign,139,1 month
qr code site internet,Informational,n/a,0,1.0K,,n/a,n/a,88,2.77,0.28,6,127,1 month
qr code sticker,Commercial,n/a,0,1.0K,,n/a,n/a,16,1.85,1.00,Go to a snapshot of the SERP for qr code sticker,197,1 month
qr code testsieger,Commercial,n/a,0,1.0K,,n/a,n/a,22,0.98,0.04,8,136,1 month
qr code that doesn't expire,Informational | Commercial,n/a,0,1.0K,,n/a,n/a,24,1.98,0.76,Go to a snapshot of the SERP for qr code that doesn't expire,120,1 month
qr code wikipedia,Informational | Transactional,n/a,0,1.0K,,n/a,n/a,42,0.00,0.33,5,105,1 month
qr code yellow,Informational,n/a,0,1.0K,,n/a,n/a,29,0.00,0.33,Go to a snapshot of the SERP for qr code yellow,121,1 month
qr codes for 3ds mii,Informational,n/a,0,1.0K,,n/a,n/a,17,0.00,0.33,7,131,1 month
qr codes for ds,Informational,n/a,0,1.0K,,n/a,n/a,34,0.00,0.33,6,169,1 month
qr codes pokemon sun moon,Informational,n/a,0,1.0K,,n/a,n/a,24,0.00,0.33,Go to a snapshot of the SERP for qr codes pokemon sun moon,123,1 month
qr code產生器,Informational,n/a,0,1.0K,,n/a,n/a,45,1.41,0.39,5,97,1 month
qr coe,Informational,n/a,0,1.0K,,n/a,n/a,97,1.24,0.35,Go to a snapshot of the SERP for qr coe,125,1 month
qr generator google,Informational,n/a,0,1.0K,,n/a,n/a,70,1.66,0.55,6,125,1 month
qr link,Informational,n/a,0,1.0K,,n/a,n/a,93,0.81,0.59,Go to a snapshot of the SERP for qr link,126,1 month
qr maker online,Commercial,n/a,0,1.0K,,n/a,n/a,91,1.35,0.27,5,131,1 month
qr pokemon sun and moon codes,Informational,n/a,0,1.0K,,n/a,n/a,24,0.00,0.33,6,140,1 month
qr reader for pc,Commercial,n/a,0,1.0K,,n/a,n/a,49,0.22,0.11,Go to a snapshot of the SERP for qr reader for pc,102,1 month
qr scan code,Informational,n/a,0,1.0K,,n/a,n/a,63,0.93,0.44,Go to a snapshot of the SERP for qr scan code,126,1 month
qr scanner for pc,Commercial,n/a,0,1.0K,,n/a,n/a,67,0.22,0.11,Go to a snapshot of the SERP for qr scanner for pc,189,1 month
qr scanner online free,Informational,n/a,0,1.0K,,n/a,n/a,76,0.73,0.04,Go to a snapshot of the SERP for qr scanner online free,97,1 month
qr scanner picture,Informational,n/a,0,1.0K,,n/a,n/a,36,0.53,0.12,Go to a snapshot of the SERP for qr scanner picture,194,1 month
qr test,Informational,n/a,0,1.0K,,n/a,n/a,31,0.99,0.03,5,129,1 month
qr код генератор,Commercial,n/a,0,1.0K,,n/a,n/a,89,0.72,0.26,Go to a snapshot of the SERP for qr код генератор,91,1 month
qrcode creator,Commercial,n/a,0,1.0K,,n/a,n/a,95,1.66,0.68,Go to a snapshot of the SERP for qrcode creator,132,1 month
qrcode-monkey,Informational,n/a,0,1.0K,,n/a,n/a,70,0.80,0.35,Go to a snapshot of the SERP for qrcode-monkey,126,1 month
quart code,Informational,n/a,0,1.0K,,n/a,n/a,91,1.23,0.34,6,128,1 month
random qr codes,Informational,n/a,0,1.0K,,n/a,n/a,12,0.88,0.04,6,121,1 month
reverse qr,Informational,n/a,0,1.0K,,n/a,n/a,59,0.00,0.33,Go to a snapshot of the SERP for reverse qr,93,1 month
reverse qr code,Informational,n/a,0,1.0K,,n/a,n/a,36,0.00,0.33,Go to a snapshot of the SERP for reverse qr code,82,1 month
roblox qr codes,Informational,n/a,0,1.0K,,n/a,n/a,39,0.00,0.33,6,104,1 month
rsvp qr code,Informational,n/a,0,1.0K,,n/a,n/a,18,3.01,1.00,5,128,1 month
scan and barcode,Commercial,n/a,0,1.0K,,n/a,n/a,68,0.96,0.53,Go to a snapshot of the SERP for scan and barcode,200,1 month
scan here,Informational,n/a,0,1.0K,,n/a,n/a,50,0.81,0.03,Go to a snapshot of the SERP for scan here,123,1 month
scan image,Informational,n/a,0,1.0K,,n/a,n/a,32,1.15,0.17,7,126,1 month
scan online,Commercial,n/a,0,1.0K,,n/a,n/a,71,1.06,0.17,Go to a snapshot of the SERP for scan online,116,1 month
scan qr code with google,Informational | Navigational,n/a,0,1.0K,,n/a,n/a,79,0.73,0.32,Go to a snapshot of the SERP for scan qr code with google,706M,1 month
scanneer,Commercial,n/a,0,1.0K,,n/a,n/a,53,1.14,0.50,8,248,1 month
scanner photo,Informational | Commercial,n/a,0,1.0K,,n/a,n/a,52,0.85,1.00,Go to a snapshot of the SERP for scanner photo,195,1 month
scanner qr,Commercial,n/a,0,1.0K,,n/a,n/a,70,0.66,0.25,Go to a snapshot of the SERP for scanner qr,207,1 month
scanning qr codes,Informational,n/a,0,1.0K,,n/a,n/a,73,0.80,0.41,Go to a snapshot of the SERP for scanning qr codes,125,1 month
stencil qr code,Informational,n/a,0,1.0K,,n/a,n/a,14,0.00,0.33,Go to a snapshot of the SERP for stencil qr code,177,1 month
sun and moon qr codes,Informational,n/a,0,1.0K,,n/a,n/a,26,0.00,0.33,Go to a snapshot of the SERP for sun and moon qr codes,116,1 month
test qr code,Informational,n/a,0,1.0K,,n/a,n/a,46,0.98,0.04,Go to a snapshot of the SERP for test qr code,130,1 month
tomodachi life qr code,Informational,n/a,0,1.0K,,n/a,n/a,23,0.00,0.33,6,124,1 month
usps qr codes,Transactional,n/a,0,1.0K,,n/a,n/a,48,2.29,0.33,Go to a snapshot of the SERP for usps qr codes,104,1 month
website to qr code,Commercial,n/a,0,1.0K,,n/a,n/a,85,1.59,0.53,7,125,1 month
what are qr codes,Informational,n/a,0,1.0K,,n/a,n/a,67,0.22,0.12,Go to a snapshot of the SERP for what are qr codes,20,1 month
what does qr code mean,Informational,n/a,0,1.0K,,n/a,n/a,65,0.19,0.03,6,145,1 month
what does qr mean,Informational,n/a,0,1.0K,,n/a,n/a,54,0.19,0.03,6,123,1 month
when were qr codes invented,Informational,n/a,0,1.0K,,n/a,n/a,62,0.00,0.33,Go to a snapshot of the SERP for when were qr codes invented,135,1 month
wwe supercard 300 credits qr code,Informational,n/a,0,1.0K,,n/a,n/a,21,0.00,0.33,6,138K,1 month
wwe supercard qr codes,Informational,n/a,0,1.0K,,n/a,n/a,23,0.00,0.33,Go to a snapshot of the SERP for wwe supercard qr codes,171,1 month
xiaomi camera qr code,Informational,n/a,0,1.0K,,n/a,n/a,28,0.00,0.33,Go to a snapshot of the SERP for xiaomi camera qr code,74,1 month
yo kai watch 1 five star coin qr codes,Informational | Transactional,n/a,0,1.0K,,n/a,n/a,19,0.00,0.33,Go to a snapshot of the SERP for yo kai watch 1 five star coin qr codes,112,1 month
you are code,Informational,n/a,0,1.0K,,n/a,n/a,88,0.00,0.33,6,128,1 month
6 7 qr code,Informational,n/a,0,880,,n/a,n/a,23,0.00,0.33,Go to a snapshot of the SERP for 6 7 qr code,104,1 month
67 clash royale emote qr code,Informational,n/a,0,880,,n/a,n/a,25,0.00,0.33,8,106,1 month
adobe qr codes,Informational | Navigational,n/a,0,880,,n/a,n/a,35,1.71,0.03,3,56,1 month
android qr code reader,Informational,n/a,0,880,,n/a,n/a,55,0.89,0.27,Go to a snapshot of the SERP for android qr code reader,102,1 month
att esim qr code,Informational,n/a,0,880,,n/a,n/a,41,7.00,0.14,Go to a snapshot of the SERP for att esim qr code,108,1 month
beyblade qr codes,Informational,n/a,0,880,,n/a,n/a,26,0.00,0.33,5,170,1 month
blurry qr code,Informational,n/a,0,880,,n/a,n/a,9,0.00,0.33,7,99,1 month
brawl stars qr code,Informational,n/a,0,880,,n/a,n/a,16,0.00,0.33,4,106,1 month
bulk qr code generator,Commercial,n/a,0,880,,n/a,n/a,29,1.78,0.15,Go to a snapshot of the SERP for bulk qr code generator,19,1 month
canva create qr code,Navigational,n/a,0,880,,n/a,n/a,41,2.61,0.16,4,145,1 month
cashapp qr code,Informational,n/a,0,880,,n/a,n/a,22,1.65,0.08,Go to a snapshot of the SERP for cashapp qr code,100,1 month
circle qr code,Informational,n/a,0,880,,n/a,n/a,59,1.66,0.19,6,96,1 month
citra tomodachi life qr code,Informational | Transactional,n/a,0,880,,n/a,n/a,25,0.00,0.33,Go to a snapshot of the SERP for citra tomodachi life qr code,9,1 month
code qr wikipedia,Informational,n/a,0,880,,n/a,n/a,42,0.00,0.33,Go to a snapshot of the SERP for code qr wikipedia,128,1 month
code qr wwe supercard,Informational,n/a,0,880,,n/a,n/a,14,0.00,0.33,Go to a snapshot of the SERP for code qr wwe supercard,47,1 month
code scan,Informational,n/a,0,880,,n/a,n/a,73,0.93,0.71,Go to a snapshot of the SERP for code scan,138,1 month
convert link to qr code,Informational,n/a,0,880,,n/a,n/a,87,1.51,0.70,6,180,1 month
crear codigo qr,Commercial,n/a,0,880,,n/a,n/a,78,1.27,0.61,Go to a snapshot of the SERP for crear codigo qr,20,1 month
create a qr code in canva,Informational | Commercial,n/a,0,880,,n/a,n/a,44,2.14,0.61,Go to a snapshot of the SERP for create a qr code in canva,144,1 month
create qr code website,Informational,n/a,0,880,,n/a,n/a,88,3.89,0.35,Go to a snapshot of the SERP for create qr code website,120,1 month
decodificar qr code,Informational | Commercial,n/a,0,880,,n/a,n/a,31,0.85,0.03,5,84,1 month
definition qr,Informational,n/a,0,880,,n/a,n/a,66,0.26,0.02,6,125,1 month
dinosaur qr codes,Informational,n/a,0,880,,n/a,n/a,22,1.66,0.33,7,161,1 month
discord qr code,Informational,n/a,0,880,,n/a,n/a,34,0.00,0.33,5,103,1 month
example qr code,Informational,n/a,0,880,,n/a,n/a,54,1.13,0.30,Go to a snapshot of the SERP for example qr code,131,1 month
five star coin qr codes yo kai watch 1,Informational | Transactional,n/a,0,880,,n/a,n/a,24,0.00,0.33,Go to a snapshot of the SERP for five star coin qr codes yo kai watch 1,112,1 month
flocode,Informational | Transactional,n/a,0,880,,n/a,n/a,50,1.46,0.43,6,126,1 month
free qr code scanner app,Informational,n/a,0,880,,n/a,n/a,60,1.08,0.49,5,147,1 month
generate qr code facebook,Informational,n/a,0,880,,n/a,n/a,40,2.23,0.17,Go to a snapshot of the SERP for generate qr code facebook,97,1 month
generate qr code logo,Informational,n/a,0,880,,n/a,n/a,41,2.20,0.24,6,118,1 month
generate qr code online,Informational,n/a,0,880,,n/a,n/a,79,1.35,0.27,5,132,1 month
get free qr code,Informational,n/a,0,880,,n/a,n/a,98,2.02,0.73,Go to a snapshot of the SERP for get free qr code,123,1 month
google lens qr code scanner,Informational,n/a,0,880,,n/a,n/a,68,0.78,0.33,7,84,1 month
google qr code generator free,Informational,n/a,0,880,,n/a,n/a,74,1.94,0.69,5,144,1 month
google qr maker,Informational,n/a,0,880,,n/a,n/a,73,1.67,0.57,Go to a snapshot of the SERP for google qr maker,20,1 month
goqr.me,Navigational,n/a,0,880,,n/a,n/a,15,2.18,0.53,Go to a snapshot of the SERP for goqr.me,n/a,1 month
h shop qr code,Navigational,n/a,0,880,,n/a,n/a,42,0.00,0.33,Go to a snapshot of the SERP for h shop qr code,96,1 month
how can i read qr code,Informational,n/a,0,880,,n/a,n/a,84,0.38,0.43,6,160,1 month
how do i scan barcodes,Informational,n/a,0,880,,n/a,n/a,69,0.80,0.53,Go to a snapshot of the SERP for how do i scan barcodes,190,1 month
how do i use a qr code,Informational,n/a,0,880,,n/a,n/a,64,0.26,0.50,Go to a snapshot of the SERP for how do i use a qr code,184,1 month
how do scan,Informational,n/a,0,880,,n/a,n/a,45,0.65,0.37,Go to a snapshot of the SERP for how do scan,108,1 month
how do you create a qr code for a website,Informational,n/a,0,880,,n/a,n/a,80,4.02,0.70,Go to a snapshot of the SERP for how do you create a qr code for a website,178,1 month
how do you make a qr code for a website,Informational,n/a,0,880,,n/a,n/a,80,4.02,0.70,Go to a snapshot of the SERP for how do you make a qr code for a website,180,1 month
how do you scan qr codes,Informational,n/a,0,880,,n/a,n/a,68,0.55,0.53,Go to a snapshot of the SERP for how do you scan qr codes,169,1 month
how does a qr code work,Informational,n/a,0,880,,n/a,n/a,73,0.12,0.26,Go to a snapshot of the SERP for how does a qr code work,151,1 month
how to create qr code in canva,Informational,n/a,0,880,,n/a,n/a,36,1.85,0.44,4,147,1 month
how to draw rick roll qr code,Informational,n/a,0,880,,n/a,n/a,23,0.00,0.33,Go to a snapshot of the SERP for how to draw rick roll qr code,131,1 month
how to generate a qr code for a website,Informational,n/a,0,880,,n/a,n/a,88,3.99,0.68,5,176,1 month
how to generate a qr code in canva,Informational,n/a,0,880,,n/a,n/a,43,1.72,0.57,Go to a snapshot of the SERP for how to generate a qr code in canva,144,1 month
how to make a free qr code,Informational,n/a,0,880,,n/a,n/a,87,2.28,0.72,Go to a snapshot of the SERP for how to make a free qr code,178,1 month
how to make qr code into link,Informational,n/a,0,880,,n/a,n/a,27,0.00,0.00,Go to a snapshot of the SERP for how to make qr code into link,157,1 month
how to make scan code for website,Informational,n/a,0,880,,n/a,n/a,76,4.02,0.70,9,191,1 month
how to read a qr code,Informational,n/a,0,880,,n/a,n/a,76,0.38,0.43,7,170,1 month